h,se_one_run_per_task,se_known_slope,se +20 × 32 h,se +20 × 1 week
0.0,0.32648782766447265,0.3166373975706904,0.32647934157978276,0.32648767909337895
0.05,0.32538413080342593,0.31498741925514634,0.3253764058276509,0.32538402550239653
0.1,0.3242949720202738,0.31333941474035937,0.3242880080761968,0.3242949042137058
0.15000000000000002,0.32321820685439434,0.3116926535110747,0.32321199781283566,0.32321816955880045
0.2,0.3221515434618039,0.3100464241186111,0.3221460767897526,0.3221515284139654
0.25,0.3210925581850867,0.3084000465473651,0.3210878146498353,0.32109255577866397
0.30000000000000004,0.3200387122297765,0.3067528834399586,0.32003466567137917,0.32003871146274215
0.35000000000000003,0.3189873693385995,0.30510435004903974,0.31898398652309684,0.31898735777399506
0.4,0.3179358143467115,0.30345392282018185,0.317933054912407,0.31793577808933093
0.45,0.3168812724928287,0.3018011465476204,0.31687908900143,0.3168811961844925
0.5,0.3158209293532534,0.30014564008162875,0.3158192674568731,0.3158207961893445
0.55,0.3147519512585753,0.29848710060209055,0.314750749992403,0.3147517430284632
0.6000000000000001,0.313671506046645,0.2968253065062634,0.3136706982555342,0.3136712032005107
0.65,0.3125767840005985,0.29516011898892014,0.31257629690585786,0.31257636574499525
0.7000000000000001,0.311465018817574,0.2934914824192124,0.3114647747279111,0.31146446324180294
0.75,0.3103335084525512,0.29181942364010693,0.31033342562040933,0.31033279268760117
0.8,0.3091796356826259,0.2901440503326482,0.3091796293040954,0.3091787360940153
0.8500000000000001,0.308000888240093,0.2884655485983775,0.3080008715932182,0.3079997806554643
0.9,0.30679487836794206,0.28678417991893806,0.30679476408061546,0.3067935383396893
0.9500000000000001,0.3055593616586452,0.28510027765237994,0.30555906309344566,0.3055577647612124
1.0,0.30429225504624113,0.28341424322127917,0.30429168778559873,0.3042903772070158
1.05,0.3029916538323986,0.2817265421389786,0.30299073724342007,0.3029894716943456
1.1,0.301655847639006,0.28003770000764977,0.30165450649325776,0.301653338952349
1.1500000000000001,0.3002833351924778,0.27834829860615085,0.3002815013120778,0.3002804792318561
1.2000000000000002,0.2988728378579264,0.2766589721675493,0.29887045175552995,0.2988696158605311
1.25,0.29742331185416465,0.27497040392645555,0.29742032433093313,0.29741970747341884
1.3,0.2959339590927176,0.27328332299570807,0.2959303327552266,0.29592995886111095
1.35,0.2944042365952051,0.2715985016111769,0.29439994724956775,0.2943998303889501
1.4000000000000001,0.2928338644532356,0.2699167527631589,0.2928289023325861,0.2928290459504909
1.4500000000000002,0.29122283230301854,0.2682389282135958,0.2912172030830106,0.2912175994265534
1.5,0.2895714042930618,0.26656591688065917,0.28956512984927163,0.28956575962742437
1.55,0.2878801225274536,0.2648986435565142,0.287873241388635,0.28787407369999085
1.6,0.28614980896938264,0.2632380679106172,0.2861423764214756,0.2861433689838563
1.6500000000000001,0.28438156578987805,0.2615851837199575,0.2843736535876045,0.2843747533009631
1.7000000000000002,0.28257677414555993,0.2599410182593613,0.2825684697914171,0.2825696136622255
1.75,0.2807370913669372,0.25830663177941254,0.2807284969214735,0.28072961337262076
1.8,0.2788644465360324,0.25668311699670465,0.2788556769285025,0.27885668751366394
1.85,0.2769610344295599,0.2550715985209484,0.27695221524441815,0.27695303677988886
1.9000000000000001,0.2750293078022809,0.2534732321457941,0.2750205725244732,0.275021119644641
1.9500000000000002,0.27307196798532707,0.2518892039348874,0.2730634546959338,0.273063642830954
2.0,0.2710919537770145,0.25032072904143665,0.2710838013003957,0.27108355006633
2.0500000000000003,0.26909242860970467,0.24876905020813717,0.26908477212376947,0.26908400910659375
2.1,0.26707676598621893,0.24723543590436034,0.26706973211860796,0.26706839702425966
2.15,0.2650485331936176,0.2457211780687249,0.2650422346382209,0.2650402837714513
2.2,0.2630114733210422,0.2442275894371634,0.2630060030210977,0.26300341404656535
2.25,0.26096948563170136,0.24275600044899243,0.2609649105874134,0.2609616875174803
2.3000000000000003,0.25892660436663834,0.2413077557359294,0.2589229591364661,0.2589191374818272
2.35,0.25688697608896677,0.23988421021109818,0.25688425606408233,0.2568799080759835
2.4000000000000004,0.2548548357108589,0.23848672478648913,0.25485299025137736,0.2548482301780552
2.45,0.252834481380498,0.23711666175778287,0.2528334069095671,0.25282839618495895
2.5,0.25083024844104646,0.2357753799046313,0.2508297815983987,0.25082473387837395
2.5500000000000003,0.24884648270686888,0.23446422936220704,0.2488463936666964,0.24884157962724812
2.6,0.2468875133321817,0.2331845463259052,0.2468874993909617,0.2468832512041026
2.6500000000000004,0.24495762557241496,0.23193764765541205,0.2449573051104542,0.24495402051704374
2.7,0.24306103375744467,0.23072482544689302,0.24305994067337702,0.24305808657774094
2.75,0.24120185480729067,0.22954734164280916,0.24119943351762088,0.24119954903649368
2.8000000000000003,0.23938408262399766,0.22840642274791323,0.23937968371019996,0.2393823826180304
2.85,0.23761156368769967,0.2273032547174233,0.23760444026163072,0.23761041278535913
2.9000000000000004,0.23588797417020377,0.2262389780793764,0.2358772790150337,0.23588729294373434
2.95,0.2342167988561082,0.22521468334792505,0.2342015823850531,0.23421648347293925
3.0,0.23260131213019128,0.22423140677806483,0.2325805211895388,0.23260123284432263
3.0500000000000003,0.23104456125162026,0.22329012650520574,0.23101703877839555,0.2310445610404452
3.1,0.22954935209177865,0.22239175910535708,0.2295138376204303,0.22954924545113964
3.1500000000000004,0.2281182374647594,0.22153715660371137,0.22807336846195403,0.22811780937184387
3.2,0.22675350812951323,0.22072710395130912,0.22669782212197187,0.22675251317992903
3.25,0.22545718649201169,0.21996231698144292,0.22538912393969002,0.22545534821413635
3.3000000000000003,0.22423102298626124,0.21924344084968433,0.22414893084237453,0.22422803333284325
3.35,0.223076495066148,0.21857104895405235,0.22297863095678797,0.2230720140802385
3.4000000000000004,0.22199480869726448,0.21794564232499775,0.2218793456467553,0.22198846434694344
3.45,0.220986902200172,0.2173676494686537,0.22085193382389157,0.22097829037426717
3.5,0.22005345226482895,0.21683742664126182,0.2198969983488972,0.2200421369199347
3.5500000000000003,0.21919488193069142,0.21635525852786847,0.2190148943175449,0.2191803953782969
3.6,0.21841137030850877,0.21592135929431164,0.21820573900871673,0.21839321362993386
3.6500000000000004,0.21770286380805626,0.21553587397819413,0.21746942326151233,0.21768050738414657
3.7,0.21706908863067106,0.2151988801819366,0.2168056240442122,0.21704197277278026
3.75,0.2165095642859897,0.21491039002911116,0.2162138179792293,0.2164770999546291
3.8000000000000003,0.21602361789805288,0.21467035234402965,0.21569329559445388,0.21598518749565468
3.85,0.2156103990761544,0.2144786550139681,0.21524317608181637,0.2155653573006154
3.9000000000000004,0.21526889513961264,0.21433512749341083,0.21486242235764214,0.21521656988559273
3.95,0.2149979465021442,0.21423954341025087,0.21454985623560208,0.2149376397974303
4.0,0.21479626203985872,0.21419162323496016,0.21430417354096684,0.21472725100441517
4.05,0.21466243428625478,0.2141910369752997,0.2141239590136823,0.21458397210181868
4.1000000000000005,0.21459495431725242,0.21423740686115508,0.21400770086683352,0.2145062711954634
4.15,0.2145922262086161,0.214330309986523,0.21395380488576765,0.21449253034567045
4.2,0.21465258096660475,0.21446928087851905,0.21396060797105587,0.21454105947228225
4.25,0.21477428984994104,0.21465381396649535,0.2140263910452332,0.21465010963857167
4.3,0.21495557701697368,0.21488336592793025,0.21414939125864713,0.2148178856474998
4.3500000000000005,0.21519463144607573,0.21515735789164894,0.21432781344365098,0.21504255789784707
4.4,0.215489618089853,0.21547517748312106,0.21455984077877904,0.21532227346019234
4.45,0.21583868823470342,0.21583618070102822,0.21484364463550293,0.21565516634363316
4.5,0.21623998904681027,0.21623969361894677,0.2151773935898312,0.21603936693367162
4.55,0.21669167229398079,0.21668501391081002,0.21555926158955338,0.2164730105900359
4.6000000000000005,0.21719190224008786,0.21717141220372774,0.21598743527555733,0.21695424540060532
4.65,0.2177388627154926,0.2176981332666897,0.216460120462592,0.2174812390943019
4.7,0.21833076337296858,0.2182643970485818,0.21697554779130646,0.21805218512204125
4.75,0.218965845144534,0.21886939958371668,0.21753197756957562,0.21866530792081998
4.800000000000001,0.21964238492042054,0.21951231378763272,0.21812770382716543,0.21931886738192904
4.8500000000000005,0.22035869947729225,0.22019229017014777,0.21876105761380737,0.22001116255024483
4.9,0.2211131486888639,0.2209084574964669,0.21943040957680093,0.22074053458763607
4.95,0.22190413805826067,0.2216599234304312,0.22013417186033835,0.221505369039735
5.0,0.22273012061776978,0.2224457751966525,0.220870799374798,0.22230409745160196
5.050000000000001,0.2235895982479496,0.2232650803002051,0.22163879049017393,0.22313519838405443
5.1000000000000005,0.22448112247422433,0.22411688734363783,0.2224366872134508,0.2239971978884672
5.15,0.22540329480490795,0.22500022698124303,0.22326307491491715,0.22488866950348696
5.2,0.22635476667983237,0.2259141130496816,0.22411658167292284,0.22580823384210777
5.25,0.2273342391031698,0.22685754391215895,0.22499587731023005,0.2267545578416926
5.300000000000001,0.22834046203738345,0.2278295040503166,0.225899672197652,0.22772635375255712
5.3500000000000005,0.22937223363729556,0.2288289659338256,0.22682671590194858,0.22872237794244213
5.4,0.23042839940382123,0.22985489219233338,0.22777579575476853,0.2297414295943948
5.45,0.2315078513358308,0.2309062381079629,0.22874573541769302,0.2307823493741214
5.5,0.23260952715576347,0.23198195443904157,0.22973539351505193,0.23184401813966055
5.550000000000001,0.2337324096799872,0.23308099057726414,0.23074366240115582,0.2329253557612417
5.6000000000000005,0.23487552639850803,0.23420229803120227,0.23176946712194538,0.23402532011246446
5.65,0.23603794932057826,0.235344834219154,0.23281176462292968,0.23514290628557782
5.7,0.23721879513321492,0.23650756654401406,0.23386954324583192,0.23627714607382966
5.75,0.2384172257088518,0.23768947671240942,0.23494182254583224,0.23742710775284295
5.800000000000001,0.23963244898663205,0.23888956525009966,0.23602765344997845,0.23859189618106655
5.8500000000000005,0.24086372023955402,0.24010685615593028,0.23712611876557338,0.2397706532269015
5.9,0.24211034372723278,0.2413404016278154,0.23823633403551872,0.24096255851752718
5.95,0.24337167472186313,0.24258928678668373,0.23935744872610432,0.24216683049216683
6.0,0.24464712188353532,0.24385263431842405,0.2404886477219923,0.24338272773099107
6.050000000000001,0.2459361499508032,0.24512960894994604,0.24162915309357003,0.24460955052049138
6.1000000000000005,0.2472382827037809,0.2464194216738414,0.2427782260938162,0.24584664260738023
6.15,0.24855310615043572,0.2477213336370212,0.2439351693357017,0.24709339308626865
6.2,0.24988027188248402,0.2490346596122811,0.24509932909721005,0.24834923836184128
6.25,0.25121950054564773,0.2503587709780766,0.2462700976995562,0.2496136641242439
6.300000000000001,0.2525705853701434,0.2516930981408217,0.2474469159052296,0.2508862072770546
6.3500000000000005,0.253933395711217,0.2530371323456128,0.2486292752861473,0.2521664577605829
6.4,0.25530788055623715,0.2543904268351331,0.249816720518416,0.2534540602192577
6.45,0.25669407196412536,0.25575259733222727,0.25100885156879343,0.2547487154703386
6.5,0.25809208841442793,0.257123321838755,0.2522053257486575,0.2560501817418302
6.550000000000001,0.25950213805666794,0.25850233976123826,0.25340585962373513,0.25735827565985986
6.6000000000000005,0.2609245218652079,0.2598894503918714,0.2546102307815573,0.25867287297940744
6.65,0.2623596367200513,0.2612845107909635,0.25581827947302843,0.2599939090665332
6.7,0.2638079784490534,0.2626874331331245,0.2570299101589981,0.26132137915447456
6.75,0.2652701448811182,0.26409818159381543,0.25824509300664683,0.2626553384094682
6.800000000000001,0.2667468389722627,0.26551676886462666,0.2594638653931294,0.26399590185416427
6.8500000000000005,0.2682388720761017,0.2669432523942805,0.26068633348458503,0.2653432442063263
6.9,0.26974716743651234,0.26837773045744906,0.26191267396664564,0.26669759969748147
6.95,0.27127276398220096,0.2698203381547231,0.26314313600733313,0.2680592619396971
7.0,0.27281682049994865,0.2712712434443263,0.26437804353421024,0.2694285839082331
7.050000000000001,0.27438062025486204,0.2727306432994302,0.2656177979043825,0.2708059781030716
7.1000000000000005,0.275965576111604,0.27419876007437577,0.2668628810381325,0.27219191694307093
7.15,0.2775732361900463,0.2756758381490564,0.2681138590744189,0.27358693343267615
7.2,0.2792052900620295,0.27716214090365027,0.2693713865891552,0.27499162212290995
7.25,0.2808635754630653,0.27865794805640276,0.270636211395224,0.2764066403661076
7.300000000000001,0.28255008545425614,0.28016355337596094,0.2719091799168737,0.27783270983808944
7.3500000000000005,0.28426697592603417,0.2816792627576447,0.27319124310092147,0.27927061827292443
7.4,0.28601657328739627,0.2832053926308442,0.27448346279367986,0.28072122132503513
7.45,0.287801382133222,0.2847422686433086,0.27578701847647596,0.2821854444421996
7.5,0.289624092629371,0.2862902245482977,0.2771032142149757,0.2836642846022339
7.550000000000001,0.29148758730214724,0.28784960120318326,0.27843348563929554,0.2851588117370989
7.6000000000000005,0.293394946867249,0.2894207455738363,0.27977940673427215,0.28667016964226
7.65,0.295349454685562,0.2910040096286349,0.2811426961835622,0.2881995761477637
7.7,0.2973545993913984,0.29259974899964497,0.2825252229788704,0.2897483223120988
7.75,0.29941407520552504,0.29420832128680985,0.2839290109780522,0.2913177703918457
7.800000000000001,0.30153177942318704,0.29583008388400234,0.2853562420746797,0.2929093503406502
7.8500000000000005,0.3037118065590435,0.2974653912135641,0.28680925762851905,0.29452455460128724
7.9,0.3059584386392111,0.29911459126833356,0.2882905578028607,0.2961649309753854
7.95,0.30827613115805674,0.30077802137684756,0.2898027984623576,0.2978320733873688
8.0,0.3106694942663472,0.302456003127969,0.29134878530542885,0.299527610402589
8.05,0.3131432688297489,0.3041488364150943,0.2929314649396444,0.30125319141429585
8.1,0.31570229709372905,0.3058567925867017,0.2945539126577956,0.30301047047941426
8.15,0.3183514878130308,0.30758010671862496,0.29621931673711976,0.304801087857877
8.200000000000001,0.3210957758503457,0.3093189690533501,0.2979309591643836,0.306626649392808
8.25,0.32394007641755046,0.31107351568210223,0.2996921927845621,0.30848870395687084
8.3,0.3268892343203725,0.3128438185758073,0.30150641497917713,0.3103887192807665
8.35,0.3299479687684613,0.31462987510048135,0.3033770380996181,0.31232805656986146
8.4,0.3331208145208663,0.3164315971806004,0.30530745700761697,0.31430794440057547
8.450000000000001,0.3364120603436443,0.3182488002999293,0.30730101420522643,0.3163294524654883
8.5,0.33982568595240387,0.32008119255262724,0.30936096316504413,0.31839346580117317
8.55,0.3433652987878909,0.3219283639776977,0.31149043059222314,0.3205006601816732
8.6,0.3470340721169257,0.3237897764265668,0.3136923784567872,0.3226514793898775
8.65,0.3508346860542942,0.32566475422635077,0.31596956672160514,0.3248461150860139
8.700000000000001,0.3547692731549367,0.32755247590977155,0.3183245177520631,0.3270844899750909
8.75,0.35883937022330753,0.32945196728633774,0.3207594834227361,0.32936624493246036
8.8,0.36304587792394194,0.33136209612788725,0.3232764159301204,0.33169073067895577
8.85,0.3673890296530086,0.33328156873450693,0.3258769432762114,0.3340570045056743
8.9,0.37186837094713565,0.3352089286337987,0.32856235030476666,0.3364638324360247
8.950000000000001,0.37648275046858776,0.33714255764707274,0.3313335660518526,0.3389096970827225
9.0,0.3812303233234631,0.3390806795300004,0.33419115801824,0.3413928113145037
9.05,0.386108567152976,0.34102136636230773,0.33713533378878735,0.34391113769649373
9.1,0.39111431109987965,0.34296254782112234,0.34016595022022883,0.34646241351485185
9.15,0.3962437774063716,0.3449020234256767,0.3432825302020811,0.34904418104596613
9.200000000000001,0.4014926350600971,0.34683747778749585,0.3464842867747282,0.35165382258830163
9.25,0.40685606458411977,0.3487664988405495,0.3497701541733551,0.35428859964578024
9.3,0.41232883277626575,0.35068659896098436,0.35313882516505335,0.356945695539317
9.35,0.41790537595254623,0.3525952388172353,0.3565887938670375,0.3596222606311712
9.4,0.4235798900453493,0.35448985372010516,0.3601184030830625,0.3623154592774544
9.450000000000001,0.42934642575440657,0.35636788217075704,0.36372589507781095,0.36502251757901294
9.5,0.43519898684938113,0.35822679623471027,0.36740946462846696,0.3677407709806395
9.55,0.44113162967741243,0.36006413330435083,0.3711673131503605,0.37046771077305163
9.600000000000001,0.44713856193540297,0.36187752875379076,0.3749977026892105,0.3732010285805138
9.65,0.4532142388221561,0.3636647489407837,0.3788990086043827,0.37593865796795684
9.700000000000001,0.45935345478547795,0.3654237239733453,0.3828697698326567,0.37867881237303014
9.75,0.4655514292190546,0.36715257963600945,0.38690873571624784,0.3814200186583473
9.8,0.4718038846378903,0.36884966786410694,0.3910149084974943,0.38416114568451
9.850000000000001,0.47810711606336914,0.37051359516533344,0.39518758072045546,0.38690142742226047
9.9,0.4844580505735652,0.3721432484167814,0.39942636693125766,0.38964048024903525
9.950000000000001,0.4908542962149045,0.3737378175123293,0.4037312292288957,0.3923783142077909
10.0,0.49729417972131895,0.37529681439882767,0.4081024963810837,0.395115338140654
10.05,0.5037767727400976,0.37682008811806983,0.4125408763806702,0.39785235874311875
10.100000000000001,0.5103019065133803,0.37830783556255587,0.4170474624725598,0.4005905737126261
10.15,0.5168701752043261,0.37976060775337706,0.42162373282500637,0.4033315592850785
10.200000000000001,0.5234829282815603,0.38117931155454754,0.42627154414917684,0.4060772525610988
10.25,0.5301422525790784,0.3825652068458757,0.4309931196842599,0.40882992911798965
10.3,0.5368509448267244,0.3839198992820615,0.4357910320601231,0.4115921764812571
10.350000000000001,0.5436124755948155,0.38524532886530816,0.4406681816242426,0.41436686408963763
10.4,0.5504309457127555,0.38654375464889906,0.44562777087379324,0.4171571104289429
10.450000000000001,0.557311036304016,0.38781773596700486,0.450673275667477,0.419966248032418
10.5,0.5642579536282755,0.3890701106491623,0.4558084139056333,0.4227977870491448
10.55,0.5712773699368949,0.3903039707249143,0.46103711236283496,0.4256553780683388
10.600000000000001,0.5783753615321087,0.3915226361542699,0.4663634723362842,0.4285427748577632
10.65,0.5855583451765994,0.392729627132968,0.4717917347382337,0.4314637976309774
10.700000000000001,0.5928330139322897,0.3939286355187526,0.4773262452138484,0.4344222974031162
10.75,0.6002062734197794,0.39512349590734225,0.4829714198101659,0.4374221219309762
10.8,0.6076851793876716,0.3963181568563414,0.4887317116598142,0.44046708366305487
10.850000000000001,0.6152768773690817,0.39751665271419295,0.49461157907770054,0.44356093005151853
10.9,0.6229885450856324,0.39872307646181193,0.5006154554024528,0.4467073165033963
10.950000000000001,0.630827338141736,0.3999415539192417,0.5067477208493496,0.4499097821749168
11.0,0.6388003394378695,0.4011762196109511,0.5130126765797458,0.4531717287428232
11.05,0.6469145126243004,0.4024311945235287,0.5194145211352765,0.4564964022214013
11.100000000000001,0.6551766598186402,0.40371056593050264,0.525957329334461,0.45988687783506205
11.15,0.6635933837239261,0.4050183694026014,0.532645033685726,0.46334604790460165
11.200000000000001,0.6721710542093914,0.40635857306929885,0.539481408334513,0.4668766126611812
11.25,0.6809157793541627,0.4077350641500419,0.5464700555330931,0.47048107386580806
11.3,0.6898333809044991,0.4091516377317985,0.5536143945995933,0.4741617310835443
11.350000000000001,0.6989293740569171,0.4106119877338859,0.560917653316805,0.4779206804403596
11.4,0.7082089514509935,0.4121196999715172,0.5683828617105277,0.48175981567587156
11.450000000000001,0.7176769712355249,0.41367824720597446,0.5760128481405368,0.4856808312964198
11.5,0.7273379490571443,0.4152909860514152,0.5838102376329886,0.48968522762899763
11.55,0.7371960538101339,0.41696115559553315,0.5917774523802215,0.49377431757668494
11.600000000000001,0.7472551069770872,0.418691877582979,0.5999167143306592,0.49794923487930853
11.65,0.7575185853805606,0.4204861580059377,0.6082300497867589,0.5022109436882417
11.700000000000001,0.7679896271538463,0.42234688994483416,0.616719295921329,0.5065602492706612
11.75,0.7786710407232289,0.4242768575031164,0.6253861091112849,0.5109978096655141
11.8,0.789565316573125,0.42627874068280613,0.6342319749720994,0.5155241481202589
11.850000000000001,0.8006746415393882,0.4283551210514568,0.6432582199558964,0.5201396661437739
11.9,0.8120009153443104,0.4305084880558344,0.6524660243510529,0.5248446570163541
11.950000000000001,0.8235457690509191,0.43274124584269796,0.6618564364923443,0.5296393196024217
12.0,0.8353105850747078,0.435055720452231,0.6714303879585973,0.5345237723154658
12.05,0.8472965183504336,0.4374541672548384,0.6811887095012555,0.5394980670880729
12.100000000000001,0.8595045182123986,0.4399387785071285,0.6911321474138622,0.5445622032030767
12.15,0.871935350511199,0.44251169090799,0.7012613800211025,0.5497161408451887
12.200000000000001,0.8845896194616872,0.4451749930408709,0.7115770339391054,0.5549598142365562
12.25,0.8974677886982791,0.4479307325938232,0.7220796997380853,0.560293144224898
12.3,0.9105702010081251,0.4507809232548091,0.7327699466265685,0.5657160501997742
12.350000000000001,0.9238970962214218,0.4537275511862961,0.7436483357746199,0.5712284612213335
12.4,0.9374486267639136,0.4567725809905562,0.7547154319036445,0.5768303262570064
12.450000000000001,0.9512248704195888,0.4599179610853566,0.7659718127930236,0.582521623435036
12.5,0.9652258399119037,0.4631656284190209,0.7774180763893109,0.5883023682394802
12.55,0.9794514889887231,0.46651751246411216,0.7890548452518302,0.594172620589199
12.600000000000001,0.9939017147875789,0.46997553844017687,0.800882768128098,0.6001324907629652
12.65,1.0085763563608825,0.473541629727949,0.8129025185218588,0.606182144153766
12.700000000000001,1.023475189351962,0.4772177094499306,0.8251147901935042,0.6123218048569007
12.75,1.038597916928445,0.4810057012050887,0.8375202896148003,0.6185517581181506
12.8,1.0539441571944517,0.48490752895824385,0.8501197254838398,0.6248723516891547
12.850000000000001,1.069513427413512,0.4889251160972787,0.8629137954892648,0.6312839961566842
12.9,1.0853051254752,0.4930603836832838,0.8759031705918194,0.6377871643300058
12.950000000000001,1.1013185091261586,0.4973152479299179,0.8890884771631815,0.6443823897854177
13.0,1.117552673557601,0.5016916169584227,0.9024702773846768,0.6510702646789749
13.05,1.134006527992561,0.5061913868837433,0.9160490483588739,0.6578514369468816
13.100000000000001,1.1506787719471216,0.510816437295062,0.9298251604247543,0.6647266070181728
13.15,1.1675678718473852,0.5155686262007506,0.9437988551896929,0.6716965241657484
13.200000000000001,1.1846720386703933,0.5204497845134809,0.957970223799711,0.6787619826200743
13.25,1.2019892072415561,0.525461710156122,0.9723391859624534,0.6859238175648947
13.3,1.219517017766358,0.5306061618734549,0.9869054702162003,0.6931829011266608
13.350000000000001,1.2372528001023364,0.5358848528388347,1.0016685959041114,0.7005401384594824
13.4,1.2551935611913554,0.5412994441491507,1.0166278572668828,0.7079964640157134
13.450000000000001,1.2733359759758387,0.5468515383059434,1.0317823100111452,0.7155528380793527
13.5,1.291676382019932,0.5525426727856939,1.0471307606474562,0.723210243625865
13.55,1.3102107779505587,0.5583743138082079,1.0626717588219712,0.7309696835581149
13.600000000000001,1.3289348257288414,0.5643478504187913,1.078403592792864,0.7388321783544823
13.65,1.3478438566628614,0.5704645890075835,1.0943242881279853,0.7467987641521908
13.700000000000001,1.366932880980922,0.5767257483977962,1.110431609625851,0.7548704912766087
13.75,1.3861966007047573,0.583132455643559,1.126723066390529,0.7630484232162201
13.8,1.4056294254959092,0.5896857426871984,1.1431959199233577,0.7713336360330126
13.850000000000001,1.425225491098508,0.5963865440347048,1.159847195032686,0.7797272181893957
13.9,1.4449786799693027,0.6032356956163616,1.176673693308311,0.7882302707653918
13.950000000000001,1.4648826436717066,0.6102339350064511,1.193672008861034,0.796843908033671
14.0,1.4849308266154018,0.6173819031810779,1.2108385459911057,0.8055692583549836
