horizon,new_task_length,tasks_needed,tokens_per_run_extrap,total_tokens_extrap,extrapolated_cost
12 h,8 h,0,1207120.263885946,0.0,False
12 h,16 h,0,2300113.55735616,0.0,False
12 h,32 h,0,4382763.287977975,0.0,True
12 h,64 h,0,8351159.001265416,0.0,True
12 h,1 week,0,20492449.46754223,0.0,True
24 h,8 h,37,1207120.263885946,44663449.763780005,False
24 h,16 h,17,2300113.55735616,39101930.475054726,False
24 h,32 h,11,4382763.287977975,48210396.16775772,True
24 h,64 h,8,8351159.001265416,66809272.01012333,True
24 h,1 week,7,20492449.46754223,143447146.27279562,True
48 h,8 h,3263,1207120.263885946,3938833421.0598416,False
48 h,16 h,93,2300113.55735616,213910560.8341229,False
48 h,32 h,41,4382763.287977975,179693294.80709696,True
48 h,64 h,26,8351159.001265416,217130134.0329008,True
48 h,1 week,19,20492449.46754223,389356539.8833024,True
1 week,8 h,10000,1207120.263885946,12071202638.85946,False
1 week,16 h,10000,2300113.55735616,23001135573.5616,False
1 week,32 h,421,4382763.287977975,1845143344.2387273,True
1 week,64 h,101,8351159.001265416,843467059.127807,True
1 week,1 week,48,20492449.46754223,983637574.4420271,True
