horizon,suite,gamma,precision_reached,saturated,median_sd,coverage95,median_abs_err,median_tokens_M
12 h,current suite,1.0,0.6666666666666666,0.1,0.4987486510556679,0.9,0.29773328317225634,64.83524075
12 h,current suite,0.0,0.7,0.1,0.4981836307350873,0.9333333333333333,0.28249996855930526,103.15836725
12 h,+20 tasks at 1.5× horizon,1.0,0.7666666666666667,0.1,0.4942339287963575,0.9,0.34700754955476487,69.86179461180961
12 h,+20 tasks at 1.5× horizon,0.0,0.7,0.26666666666666666,0.49769553298636904,0.8333333333333334,0.4379162924159905,122.89926055904806
24 h,current suite,1.0,0.13333333333333333,0.7333333333333333,0.7229480503927638,1.0,0.4502892531441649,90.1880285
24 h,current suite,0.0,0.06666666666666667,0.8666666666666667,0.7344329548663027,0.9333333333333333,0.20886342697880522,81.9560765
24 h,+20 tasks at 1.5× horizon,1.0,0.36666666666666664,0.5333333333333333,0.5253267797308965,0.9333333333333333,0.3789483252563466,175.99684121288908
24 h,+20 tasks at 1.5× horizon,0.0,0.36666666666666664,0.6,0.6252833030933944,0.9666666666666667,0.24388557184180826,163.48243946288906
48 h,current suite,1.0,0.0,0.9666666666666667,0.9064957946489663,0.9666666666666667,0.5602927540669684,70.0943835
48 h,current suite,0.0,0.0,1.0,1.0538886487896226,0.9333333333333333,0.465357366742718,58.189705
48 h,+20 tasks at 1.5× horizon,1.0,0.26666666666666666,0.5666666666666667,0.649195909363137,0.9,0.4472065626131707,238.25197933467769
48 h,+20 tasks at 1.5× horizon,0.0,0.16666666666666666,0.6666666666666666,0.655060633792196,0.9666666666666667,0.3978952654232435,237.4787080846777
1 week,current suite,1.0,0.0,1.0,1.3469773493326316,0.9333333333333333,0.8308178262194437,46.68505475
1 week,current suite,0.0,0.0,1.0,1.4134988702292808,0.9666666666666667,0.7777376864824364,40.5772405
1 week,+20 tasks at 1.5× horizon,1.0,0.0,0.6666666666666666,0.7859138727699739,0.9666666666666667,0.6017654123252045,645.3864256064608
1 week,+20 tasks at 1.5× horizon,0.0,0.03333333333333333,0.7333333333333333,0.8356563777582998,0.8333333333333334,0.603216289500339,622.0817993564608
