model,nll,brier,auroc,ece,nll_w,auroc_w,dNLL_vs_ref,dNLL_lo,dNLL_hi
B0 agent-only,0.6179336189273528,0.21396704259307156,0.6512637856935946,0.020460436381820143,0.6942000156966085,0.6659119883244815,0.3188260534684489,0.2426404639284275,0.38724330114980593
B2 common slope,0.2997402394166393,0.09582604826661456,0.9386422517305733,0.016848768634858145,0.33517514006624016,0.9299398008329844,0.0006326739577354233,-0.0024752562562786523,0.0032121158399198396
B1 METR (MLE),0.2983510684676375,0.0959864689053503,0.9391325470143239,0.015604675218792203,0.3352719233347701,0.9296038072210763,-0.0007564969912663801,-0.0022446674002641036,0.001244293182200689
B1 METR (paper wts),0.29910756545890393,0.09614834293403764,0.9390665059567016,0.01909689982936613,0.3350790179308002,0.9298245227286296,0.0,0.0,0.0
R Rasch,0.19964663206948757,0.058100314963549345,0.9737379701640507,0.0066570015802479895,0.2158721070159254,0.9721023471407412,-0.09946093338941629,-0.1977222210792208,-0.03595440027884191
L LLTM-R,0.19846622764790461,0.057732514543057036,0.9741046478670413,0.0053370996647753525,0.2152455538460145,0.9722825621520571,-0.10064133781099928,-0.1979192736878396,-0.03750622447834595
M agent-slope LLTM-R,0.19232253829458895,0.05743261200053101,0.9753966937642758,0.009062189436047951,0.21156200541475026,0.9730330909532087,-0.1067850271643149,-0.2020673325060736,-0.045266542432227656
F0 = M as MAP plug-in,0.19243225310605175,0.05745292633976043,0.9753587620365992,0.009452986518939712,0.21158364896048484,0.9730374199079022,-0.10667531235285213,-0.20215649300569774,-0.04505427700896584
F1 rank-1 factors,0.19171993779234722,0.057674537292624055,0.9759436681328122,0.012273862185554717,0.20986811753171772,0.9736111500914766,-0.10738762766655668,-0.20364205797500556,-0.044788021584986674
F2 rank-2 factors,0.19324003870129003,0.05751903407392179,0.9756585454652154,0.011089098448719588,0.21310941187979554,0.9728483444574028,-0.10586752675761381,-0.2009059489833331,-0.044395617764312556
F3 rank-3 factors,0.19007805495629926,0.05644080656921445,0.9762558830335559,0.008711986944312506,0.2083454519546518,0.9739039812527707,-0.1090295105026046,-0.2046426020654021,-0.04716968465129258
