fold,model,tau,rho,converged
0,B0 agent-only,0.0,,True
0,B2 common slope,0.0,,True
0,B1 METR (MLE),0.0,,True
0,B1 METR (paper wts),0.0,,True
0,R Rasch,5.854710722001372,,True
0,L LLTM-R,2.416542718844602,,True
0,M agent-slope LLTM-R,2.644897314058674,,True
0,F0 = M as MAP plug-in,0.0,,True
0,F1 rank-1 factors,0.0,3.0,True
0,F2 rank-2 factors,0.0,10.0,True
0,F3 rank-3 factors,0.0,10.0,True
1,B0 agent-only,0.0,,True
1,B2 common slope,0.0,,True
1,B1 METR (MLE),0.0,,True
1,B1 METR (paper wts),0.0,,True
1,R Rasch,6.0029716418391965,,True
1,L LLTM-R,2.4477335633577075,,True
1,M agent-slope LLTM-R,2.6489278167825194,,True
1,F0 = M as MAP plug-in,0.0,,True
1,F1 rank-1 factors,0.0,3.0,True
1,F2 rank-2 factors,0.0,10.0,True
1,F3 rank-3 factors,0.0,10.0,True
2,B0 agent-only,0.0,,True
2,B2 common slope,0.0,,True
2,B1 METR (MLE),0.0,,True
2,B1 METR (paper wts),0.0,,True
2,R Rasch,5.519805899920746,,True
2,L LLTM-R,2.3009917091066305,,True
2,M agent-slope LLTM-R,2.518716029527097,,True
2,F0 = M as MAP plug-in,0.0,,True
2,F1 rank-1 factors,0.0,30.0,True
2,F2 rank-2 factors,0.0,30.0,True
2,F3 rank-3 factors,0.0,30.0,True
3,B0 agent-only,0.0,,True
3,B2 common slope,0.0,,True
3,B1 METR (MLE),0.0,,True
3,B1 METR (paper wts),0.0,,True
3,R Rasch,5.951702622634406,,True
3,L LLTM-R,2.458088386902018,,True
3,M agent-slope LLTM-R,2.640861432159098,,True
3,F0 = M as MAP plug-in,0.0,,True
3,F1 rank-1 factors,0.0,1.0,True
3,F2 rank-2 factors,0.0,10.0,True
3,F3 rank-3 factors,0.0,10.0,True
4,B0 agent-only,0.0,,True
4,B2 common slope,0.0,,True
4,B1 METR (MLE),0.0,,True
4,B1 METR (paper wts),0.0,,True
4,R Rasch,5.700653232287625,,True
4,L LLTM-R,2.405411567642478,,True
4,M agent-slope LLTM-R,2.594115768921119,,True
4,F0 = M as MAP plug-in,0.0,,True
4,F1 rank-1 factors,0.0,3.0,True
4,F2 rank-2 factors,0.0,3.0,True
4,F3 rank-3 factors,0.0,10.0,True
