B1_p50 2023+,B1_p50 2024+,M_p50 2023+,M_p50 2024+,B1_p80 2023+,B1_p80 2024+,M_p80_cond 2023+,M_p80_cond 2024+,M_p80_marg 2023+,M_p80_marg 2024+
122.68073288912312,96.34566969953973,133.31462063220684,106.03777497311303,131.34978149828044,99.77740750691123,145.1376431865691,114.66261179284027,159.7690657763606,125.17631107484812
117.5357790648907,106.70149853730788,135.17804348033644,112.87522967845842,106.25762234629214,92.25870908516484,139.10331295661854,115.73060539394744,143.43580811015974,118.8582036114941
127.25132984093352,106.15917826487413,141.30775734440078,114.17530610175037,128.33949875742653,104.1180262403489,152.0423720332532,123.321977564218,164.3641621296367,133.90828660899354
130.1710016289217,96.64394688582799,149.78388624384684,111.83054041810284,136.32502485851674,102.54650772050049,160.41330033273707,120.81274882655302,173.57879195342701,132.1579495382901
145.00348764239527,109.1001719152654,146.6114597494381,110.61955720471596,161.70610498927203,119.2080735778667,165.87618470008871,124.0475522576336,198.66461501222008,146.3636163166191
147.9344517362102,109.54475622933525,170.74808621421397,129.57086381104162,153.23300793395714,115.30183485563187,179.06997783642578,138.14336444978463,189.08168383470522,148.8417263848661
127.00558977862772,101.90179275091633,134.7596020734611,99.99742862439285,137.36335828060473,104.36584707914632,153.90522898893485,112.54166014101037,189.8705888591601,135.14496480825028
128.5618425863941,101.94882053195792,151.3604752802148,122.96980331766491,157.58881753432178,127.92084080883853,163.73845022980427,136.75903271126074,180.80508578781578,157.09173006037133
142.4228782387048,109.22958449736349,159.94093853366167,122.75206756761511,147.14249449672965,105.57586041207038,181.09911293242237,134.6411836249591,203.70643299822913,146.54891844839227
135.91630578991908,103.44739562299918,133.64553645703694,99.64606609906076,130.01467166586826,92.67002443491099,149.04973954718818,107.07489484165463,167.78915923969163,115.41206909293462
124.14684970829676,101.6388925645665,122.89906407010177,93.91863712216471,132.82608479210552,114.08804224696681,139.84063023640417,109.90015480069356,166.8625849280725,137.35851820238005
145.35373710103812,108.43068205459673,165.7227017539925,123.3296572912844,151.31066743085174,105.92595518198895,175.6163587775507,126.33922167536072,185.78174803051715,129.22952882594063
104.10811817329224,84.87342029651869,122.15349018723877,99.5623526071663,124.33455747614006,103.43527271725661,135.36156444553237,111.8958174471459,153.57139586112453,129.4862057628892
120.37986904390617,101.30105678706525,149.30190572962803,123.38610359122556,126.8763431243299,108.70481318544323,163.68569141763163,137.9663057351708,183.94804901806714,159.51871785620588
124.65997736988001,99.04582331589557,145.6264095651086,114.4519249375257,122.27194758583335,100.4114979741927,159.1224428539621,128.74473392651964,180.09714195441455,152.71017215290945
122.39824378473573,93.12756976887935,142.3707719727894,107.45030274050167,167.83764350262754,127.89637267926867,173.15284271673173,130.5619192065713,236.17604650739602,177.74816722865475
136.36062959161302,118.77368046805032,176.46012252497445,148.83248134954624,141.3654643583732,125.60268713751957,199.04704969929224,172.45952034347232,244.09891357367115,223.6542222592507
132.99380645973417,100.36982565026229,164.96331622660705,124.7681622336748,152.32847713539599,110.28643652087644,181.00583615430742,132.16485928279516,205.29545332487456,142.43832665799334
124.13778800047264,91.55154284124727,154.909928046274,114.18607887145862,134.2679455818374,99.88453998711405,165.60647400200338,122.10749499358764,176.77805593577972,130.38581125808614
135.05532127881747,98.08073596486831,139.80591953525447,103.71035618556589,137.27650053416906,95.33621256921272,159.7788647433736,115.56726619306777,188.71513383492996,131.73163431981834
108.77090029689225,83.38980021814952,131.25118573430123,102.84474060918174,143.04080367615643,106.54814015658248,144.6245982432521,112.55197492356723,166.1463010665922,127.89913331187469
143.8229700139031,114.07176324871423,152.86711336418387,116.39861908306578,157.8040627787278,120.40340803211643,168.4900219210009,127.25458798332885,188.5046476442193,140.90774942825882
120.27936953134372,92.42853638029871,134.80027287787894,102.57302405399655,125.96428647882857,90.66663063261373,138.92607463725633,100.4518692064426,142.17789267050296,98.92319850774538
143.85883064123442,111.57884008302968,146.24213853384995,110.76685080646175,151.56154672131328,115.68568801360693,164.24694863025724,123.62664864306248,190.76819916369425,142.279175541759
117.32104981027561,83.60703671336545,114.85581775349614,83.52815312548427,131.53435581942878,90.16845685673057,135.3729956756262,96.7086771502678,165.1039431013873,115.00196340681492
121.57172152495707,95.2688733028851,141.1803784751566,108.95344522247028,132.29539537836436,104.76773632141445,154.6718542107002,120.01535139358357,171.27168166589362,133.79229933489424
127.10469267541004,104.60076014032903,149.5488769343579,119.71722336123443,122.5862316442575,99.74736970112154,159.99693739832188,128.2941118592211,171.05107165178066,137.39963992472784
124.00703825590232,92.12032464151754,130.25514561486844,96.50574635157973,156.46366723173557,112.97095698226637,154.8782766684026,112.85798841184885,192.81053186785587,137.02030609880285
139.56534683252633,99.86424690617237,161.35406808660204,116.54772976961637,165.58265426552302,112.92378776737323,181.30864499691674,129.00266413564864,209.5116808780127,145.98382507124046
143.56787317556686,103.9815584348757,158.73442378154294,113.21671154725826,144.20261846728536,101.08866317842724,182.63180574139855,127.72949304566036,215.10756430423555,146.57084827146815
138.1602252334468,111.79900463912996,147.56231943802786,116.59054891230464,135.6962798480921,105.54377996939463,158.00313363517273,123.68612445720018,170.05559635364065,131.71560571123314
134.70915307953277,112.62683253726418,153.1681998888182,125.40946515888861,138.95308815746944,109.83855077208594,165.16230204514423,132.60134617484871,178.5660610502699,140.3147122780886
127.44942524860424,104.47870668525738,129.73214522074508,105.16881217829936,125.82820977031871,97.51059095191471,134.43291132047287,106.73822025527005,138.3471275764494,107.99660265491183
114.79757666084811,98.58601081430893,110.91909284305903,88.13950789771262,114.39249951708099,92.93468435364147,125.79367441746864,99.13951984456654,143.38422597279433,111.91743219453637
127.13492559556677,99.13031601208417,129.4864153122123,102.64577041945441,134.9087615219595,102.0986579467523,145.87590032589125,115.15599970096017,164.4594673791091,129.21542872560815
111.38143603779727,87.19136955388612,110.11731977433213,84.93974754635784,123.80534971855958,96.11455834571306,122.29438589397604,93.85052428625909,137.60591839914375,104.92656569023656
94.08944874156948,69.42547846406046,100.11252227595841,74.56636819063426,118.25334621873229,85.22519316973964,116.86666305280897,86.52506644104535,144.08200557285608,105.64896685805903
111.10519826446932,89.40395395973529,138.27890770449892,112.1745376188423,134.96531070755577,108.77147857771898,152.13329260336624,123.64143496857297,171.51813967736985,139.75702861901192
116.87797211840832,94.12869052292261,142.53231995598247,113.81936943648746,127.5632693175913,99.45745575661488,156.8969851244851,125.52126735334839,178.75762689771938,143.41264342893183
124.95115978359928,102.1351749339196,142.33100788344115,114.27227866306099,116.00893128052881,94.5857519287874,148.2795032017537,119.60075702548298,154.80942042348195,125.50730898325266
129.76041876185744,103.13749518290966,138.25535121676796,105.80774139231303,116.63685876149624,90.26580315962143,144.60676218202045,109.64111667040157,151.1216432439515,113.49990495351855
109.43958112419638,82.14044319688468,131.55932126997277,98.18258504722442,130.66496555728364,98.18059197629411,146.10107673584443,109.38839475109769,169.90125994483557,127.88623727066864
169.0398823766929,112.5089414967998,170.31317617447777,117.73841442685126,196.2980489043691,121.11007676321597,196.3299487270565,132.80060655508066,239.37119535708734,156.34335795042986
119.54448641520267,95.34937745473697,121.82547817954111,94.93983844638723,119.13671235815416,96.73127212225705,129.7758036373675,101.05033502439524,139.3008065528281,108.35755023412045
124.79190228667719,92.58219535806866,106.82308215655195,78.30672862430035,139.72482379400734,99.46405041672605,123.10760066873803,88.40668900408015,143.71487284360748,100.61297541277233
98.16636528039135,69.93327895956196,68.64102988862653,50.14148322058207,119.98818251873188,80.39027415222189,85.83262539141437,61.44662117994137,112.13212380547584,77.89260905050806
160.9786025008846,122.31306253220114,191.4855537132497,140.06811178958378,165.96370043784262,120.74200906719551,216.5564938267093,156.2094528682884,263.9914841098346,185.55540812107918
163.7949879798637,137.57963775484373,185.29470192919626,148.1861420881678,173.66941564188596,142.87229711461657,210.2867848983286,165.86893275142214,252.24601950594274,194.4914257324504
107.91449910762522,84.71714204690623,105.65679197744329,85.11504813741585,122.84041684783145,96.76683336388851,123.99037720741805,101.83402644559357,151.52651481085934,128.2085620735138
129.770921303461,95.69860707310644,152.11076971410841,111.84350230947918,123.05988765719341,89.15548871104613,154.92023689743928,113.284981342712,158.0963499385029,114.89566902726718
119.39821813276154,98.98544854399474,135.09934774588643,108.12960314181933,125.6257454088009,98.06430338105244,148.4553808762504,116.84445752846466,165.8519429942272,127.77055141589798
128.82394869983258,107.80665716353039,138.15947764607319,110.509461999981,123.30456238080758,95.77279913599152,144.55656133988728,112.79218969862183,152.39787548273972,115.44207676396093
124.24238253512317,102.08911804148525,137.43986390988167,110.93761197092661,135.5835017355906,107.71134617490185,162.31251521709603,129.49676389239747,199.80668443946635,156.67515951603312
126.18229594694584,94.23782989281148,139.95769408902507,103.4449841590693,125.2649069908839,91.68535216576767,152.97960584500535,111.7684201084576,169.23058825944244,121.89090895440519
135.59476614945004,99.2962955333004,148.24896814455107,107.29047778554516,142.11282493593382,104.03354513666218,161.30533913943435,116.75604159777397,178.14576132499664,128.96888946468874
125.14588434512201,92.20049071075633,131.2021516038138,95.204499958989,129.66670895033528,92.03886455045948,149.36277456583116,106.55136229046789,178.775310129982,124.1368383584384
182.99318224843358,107.65876175323962,204.90435422223499,126.18688689483355,221.56590612803257,113.9129275936307,240.02100649696257,138.09260454101863,290.59085978483995,152.72439934740163
120.9347811814715,97.73125088684112,138.76317898485757,109.86523255157383,130.42781977383933,107.65420720154545,154.65242801707373,125.32273428572078,176.40850131323577,147.70512428489275
115.98688792786194,92.71817596011512,123.94275473801763,96.59437333450227,118.44465756219851,90.973525176217,135.0883561838707,103.60315153808419,146.45055923784355,110.52190739847008
130.9478997498277,89.3080261057781,164.89272614924323,114.96473974962846,145.79141876141748,98.16539974072217,180.48185402283366,125.08856437062084,203.36834219356533,139.73608097710846
151.4430294658824,129.6725065262554,151.95698262607345,124.36339729399673,135.57179307132773,112.4505579856048,163.189896862562,133.45816591040534,179.77164298241811,146.85917335774533
133.07207326368857,104.92342691340082,114.86201999459118,88.9118609675723,130.56245430692755,99.32573843483085,127.7576116951559,97.30347438657577,139.16803234472923,104.50670407748666
124.46361488471724,96.42285285088393,148.24275045317924,115.26586445389236,124.05013067944408,92.80175355396949,163.1229726123054,125.38603408924432,182.22775942684825,138.04503981803813
113.64880282212184,97.17766615405301,142.40786174635738,123.38216943089107,112.73714349173908,96.47435798608993,150.37847015192716,132.82268019546407,160.9829221171737,145.96735158796812
137.92581136348497,104.2949690201482,153.316747938286,113.82056240224206,137.83420998250537,97.90303993640579,170.49405882051818,122.38144711620001,189.50929970787726,131.22049138073794
127.74269011422045,92.60385118554177,159.6630030793836,113.06708177228116,164.6508551678993,111.05876269809676,179.84083652807482,122.12277707055406,211.2369734101931,134.82217026327615
158.7245564311133,122.07790493741463,177.88531106186042,138.7710136102195,178.97806347631,130.1452598521903,193.2326900870901,145.31664165890237,214.02217964411344,153.46663880052267
134.50323379512082,112.37974967642067,160.8876012387915,133.37628113825556,144.80341944509652,121.25267290800608,171.28233915994585,145.06682546838306,188.78931276936638,165.94337672974515
115.65370145229882,91.41994396559477,143.11251267416685,109.1975616646002,131.06123080053473,102.59932913032992,160.79610267241412,123.68884443592542,188.748404361507,147.08238840869618
147.62945829257663,134.9739361621681,150.24203735064356,117.93374696630566,129.64485213893985,112.41062942369818,165.203322065585,129.35491429714693,189.00316693714603,147.40656137545497
112.06520131170117,88.58622095270033,127.58703069941855,99.81742192760159,120.11941576614768,90.4581540601765,146.3340898494647,112.82192698710276,174.04159185254576,131.36515650807672
119.27361611489239,94.90306788942709,131.76443311927073,99.64283506972183,118.49880945113048,92.4785140009158,145.23764656796675,110.93399088281355,161.87165242506617,125.19063189631679
145.558997340195,117.7603553308181,172.5679823461947,137.90509468224238,177.9732188221765,141.3204812647814,192.77896465365595,151.99580830215655,231.52566123786136,177.98161258152908
119.99757189564964,94.20506906445699,125.07700358562354,94.82831786644945,122.36928441899559,94.51310897439976,145.3328933794715,110.4727561128848,181.79886582066865,138.84346134280455
135.362721914342,92.33422721774633,155.58779189837688,106.98502063286634,167.35552237061515,112.00665495273164,183.0232378318331,125.07753288076748,238.52425712920393,161.00718992741886
144.8507187963702,104.46044942081033,137.11798516837985,98.34509521551631,150.3882120005958,102.25133721059963,150.24768409000058,104.76675070296893,163.72409749725924,110.99702263364884
130.73802964011992,95.7387141206177,141.07627967874322,105.0059061736319,118.35655496074074,83.528566563288,151.96484775061984,110.71438409774707,166.71365868702006,118.07173730607927
127.01040374382477,103.62708958066143,185.73485502129068,149.725921083739,146.5022806067596,117.1231991191157,206.00750358216447,167.66331215758865,254.23450571493353,211.75216950277513
125.9014861645686,109.82557527207747,155.57565884189378,133.37041579382606,136.00055490233638,117.5662614505064,163.28144688386644,139.2929310205461,173.50616140341296,147.06273757313795
117.09617205994309,85.14941352681173,117.87254022383516,85.83367941145686,139.55556725891512,104.02387328654648,135.8430925708051,100.50774919876176,166.82140525560897,126.94110684833996
111.87591677931681,80.3072974878777,115.16718163360169,81.83222854540483,133.92933143168173,94.09253963640052,130.98786559100165,92.55452646105368,155.60236180162892,109.0009747449894
156.8462490758625,123.2981677503888,150.8314967099637,116.63709168313811,153.07005324290776,118.78647101395072,167.97694201891602,129.3919868664315,194.02744332282685,148.58338704361307
117.78623221487089,95.13511079841066,133.85597504479068,107.07881169155236,119.6657061723,94.81686797622274,146.10903779151442,116.11796049613861,164.9307490078268,129.77531784705374
123.16849024581563,94.13263320618137,135.93353126059026,101.00388727192127,126.75195504402768,97.48689097292774,148.4696662809429,109.70895597125536,166.1187810752414,121.80261923541717
134.30232035422793,102.83691496838367,155.44655870073586,121.05365940674882,143.65309510402128,103.901752609263,158.38455647247412,119.44962691225449,161.16115597313737,118.02405772882734
128.78175708493941,100.87903154099693,137.28622616043478,104.6848904850027,145.26504022137883,112.84350792114807,150.58043991487537,114.19345314308961,175.44902895258164,131.70374942939026
113.28581557105421,89.36712278075974,127.94383468179467,99.9300021023313,126.60857168935256,93.64676660235097,138.08794701931987,104.31605502850229,149.30820304157794,108.84406239964969
116.28556107364115,99.05872760508525,128.9409584188272,104.63658139606748,120.79666423641243,105.49055833308981,141.6452296305138,116.4245069850024,157.26232774917145,131.3372889212755
123.83895480859594,82.8100819619185,131.93459311691737,91.21895102032573,145.7167361490515,96.62402406798667,152.2656340565518,105.95601905124902,182.7677552145081,128.42636358522995
116.80214599921604,90.79381393813377,140.1428354954769,109.04810296102998,123.28289771279314,94.55680937360727,158.77370582527448,122.9443978336097,182.1919088314067,140.2209034085229
150.50918124658676,100.34787637128403,181.6117909683766,122.29097854537599,189.63660373343563,117.41771071146779,197.12727723510355,128.55346904671697,219.75944979169043,137.01145324495386
113.21610423770986,93.59796336208736,141.49785897208275,113.72595994864652,121.59418043299841,97.8609255412065,153.97068849291156,123.62140937310824,171.14906423946994,137.2162426599179
112.00499762793035,86.31096471827667,133.99317125547017,103.29849144705734,137.92489177833804,106.03242061720202,150.9711023541539,116.82567908619968,171.98438764129634,133.70985126070016
123.92940312611776,98.42559005029531,142.395225046411,113.59291277865883,122.81086505480879,94.99028432095702,154.15768004457456,122.63917023840365,170.60310608379,135.20420049202704
129.99119715484355,107.1325081046361,152.1203217839295,119.8884637922446,125.68098638313602,98.07291427642811,166.19405554476177,127.69880288607904,187.03942501134085,138.57376774699773
115.9879373873255,89.79881407810007,123.01898988316206,93.02973793105261,116.12192008920891,90.15453059988694,137.8386760181957,105.28350434803437,157.56529890858673,121.98162211952884
139.56604797901394,115.23186659102316,151.27409058368272,121.83654576289413,144.64738486360858,117.8024141539626,164.6607024646387,132.1578481969805,184.103461033035,147.02157849623907
125.70952304378515,104.31757564408994,152.38477086080584,124.72172662953132,140.52922351941478,118.14681820400382,161.37167446812526,131.72338535154728,175.00632485465007,142.27474389448074
125.94605437142319,101.27939474072404,152.10882188250085,121.35116970202026,124.22027295140056,99.56463987049732,163.28951154749103,130.64140150422872,178.14865386030783,143.07018831721277
105.6392685622658,81.44062491684366,112.31927264410544,82.70757929279141,113.67915414485084,87.79583133408221,132.79074123516443,97.74490125572929,159.42904980855457,117.29501099297725
113.37442689821414,96.8189055857939,127.28294975424785,106.3273950389083,120.25674421303066,103.58116830249453,141.5388335968602,120.56779807161485,161.01845376089292,140.95943955626643
142.4423064491033,113.3296676087436,140.36535074147687,110.63799983578674,163.29322355965576,123.9037588316257,153.67126825526384,117.65725024241551,169.34277262503682,125.42565619202944
106.80859766971372,82.22193154258544,124.36213762492167,94.7225261518697,113.96213198016106,84.94190159923346,138.8892556498979,104.84915776352841,162.0340423958736,120.6171514618619
138.9145138302978,101.85766838375889,156.12555069004986,116.58038266640136,150.25142762093495,105.26479297000805,173.88292495674378,127.74224148075314,195.2024152542623,140.67577622194642
103.53496600288824,82.22882855727383,114.24238997495969,88.76244097299325,101.6066863485436,79.41859911554639,120.79535596134066,94.71088842211111,126.42824227635086,99.91164787228251
72.52373054271192,53.19514246199854,73.31089742031504,52.468636946793765,100.32266115387505,75.24491030226366,92.14805347104249,66.7387356632444,118.2438405155796,87.08077891355703
102.95485760403346,80.22945526200823,106.90629288820607,79.43834198760185,131.7654298607437,106.55536156398234,129.16275755984464,98.38848584936497,166.71183132589204,132.61417318447604
141.40017017466116,98.2185621822257,155.76950866910838,107.29870038115344,188.53034116605468,124.03471231366737,182.57432294932585,122.94677440289527,237.26650745860402,152.79632690201507
134.89948482593095,111.09613943199975,157.31045755206807,124.40397645193018,141.68113140714183,113.90684790076156,172.78651545930683,136.15559392673626,200.98545140429496,157.3541868186641
128.42679191613155,100.41128389414403,156.88919142326938,123.03943119785279,167.52090577282348,124.54582762049539,183.8225463805275,142.9360948883341,240.7892065811728,183.92459978098134
106.26492119599229,87.0883822822757,122.02798173308649,95.35353433856207,129.65541107850632,105.24199291128517,142.50127256239446,112.18204043720668,172.16022927236165,137.01103454217605
145.21027092044514,113.87299141398087,188.67097624109246,143.56799318548184,145.93868977535806,106.60714687924147,198.7431993522913,146.92495893112638,215.37149551049419,152.06734317856132
128.51302878047852,98.8000138864748,153.35906839950735,116.8718848048044,118.64841487927751,90.32252494052867,168.41652813991396,128.71111017394372,194.92478110269184,149.71784815399477
158.7567902593816,102.44045544336242,154.38170539533624,104.90446442224038,166.64896048044574,102.92184888992816,179.96355969353715,120.09884994549748,218.78713782710025,142.14653722992392
144.91338988728933,117.5047161717222,149.15664406430972,114.32855561313825,137.2242648779584,106.87121090974962,166.01202459745852,124.45803507520128,187.55283584185008,136.77431096357944
148.20233984325267,111.37497019023738,169.9601938319696,127.24893943855609,165.0430766265247,113.9363749001212,184.37395205007974,132.83711408563508,206.31654027962762,140.57925041221984
125.2130513923773,93.42108387786551,147.7775742963379,107.51885906394368,160.61634671858937,119.3875865514987,177.58760763553317,129.27404996677853,234.97593402473268,171.21858721661786
126.92819693382496,105.68799710068465,122.397772947768,95.89650049047616,141.40156495164194,117.62638251742956,143.03158194272675,112.59756929364391,178.03153453406554,141.2941637518009
128.35756738692658,101.38867311022383,147.4985317602175,108.44508392362128,119.08954436951682,89.54697697878653,160.55242045182698,116.16044135771892,179.21669017253865,126.7738851191159
150.65145238398415,133.5942820832678,169.78913105083208,135.86209702901513,132.92012462282793,112.80081140552144,175.91213369729059,136.559974219452,183.15129029675742,137.33315225205112
135.05313099616959,109.65791383832814,143.05036206090506,116.98463410746423,143.90553460908788,113.5743180354969,158.84428136497476,129.6129664465542,176.44704751243506,143.6218408219199
164.82194958702317,120.03730944828838,179.72405720304823,131.15027055330827,166.40261424045855,115.62768414000494,198.83670178448898,140.86228449155658,223.08319633193165,152.39634393527876
102.94476212839615,77.74964394397553,114.34582140496072,87.26715754421824,117.89677230444539,87.46039692767177,129.19305282997828,98.1865823229938,145.6608788083389,110.19168622841865
161.76758509708566,111.82486892187619,155.58741490952556,109.10972231037076,150.18630778625763,100.0671560006402,170.3246737078863,116.71232287608859,188.91930587454272,125.82248231003858
124.0556775454916,99.60827703865876,152.65570814868352,121.62177818892118,160.19950461345798,125.75356040358696,174.11332468713942,138.5021038305709,209.71019668855917,166.3903701586482
114.07693256337187,100.9504662526134,141.71447379558802,119.79173886537589,114.89531170426213,102.27542183166568,155.2620174060311,135.33996318476937,175.2483324702404,160.135535104601
128.7017714447925,97.16896966374846,159.84674997988276,120.9081400614039,149.87110439086374,109.66275453115225,177.25684207825006,133.22647515973364,203.4200091668012,151.4467926945842
135.67603581046876,93.63112756200177,189.00816498353916,132.54793459860957,171.1511624145573,112.57644193159493,210.63306413175223,144.3803610022758,242.74835806288672,160.99945431314356
118.46223403805239,95.01893559133016,136.15414341476333,106.9610055180266,135.32581063325895,108.40045340983548,153.33399262564924,120.7626033253904,184.08710513202757,145.64392791595316
111.59694619112908,92.48728190872566,147.58850276041542,119.94081719258058,121.41512345803798,99.40710809911037,159.26790572886068,128.6350913139159,178.58538712363003,142.78253163455713
140.96549304737493,109.04242850743248,147.30006088717138,112.99978956337563,130.03762859022564,92.42343965306203,154.34554010390067,114.02906117261499,163.52120628098137,115.26071763305617
135.8285730515319,112.24691195543384,164.09079551331726,129.629260561398,134.03678253775277,113.23447959877221,180.9602952215541,144.64191493517302,204.1497814641628,165.86639573513997
131.26532804332663,100.10628434705163,151.95226934673116,114.42508814592148,134.2081250646968,98.62576621966812,166.85598689472593,124.21828548356336,189.3189470743898,138.56462508945717
107.57020633243707,90.31643859110301,121.05592501135361,97.61352805829401,108.36053376004804,87.40793065711912,132.85851896203246,106.06739811845112,145.87171428713438,115.19600312095746
125.82992739496854,102.02134533527035,162.1427284036667,124.17119554143211,137.8758857041128,104.7021018364163,178.63005711085486,134.38856604554758,204.33097183556964,149.6172161946486
123.79836110344486,94.95644084431339,141.414117021122,107.38085577518045,128.6452269021754,99.30837735277717,158.07865816522,121.22235156279059,190.10145257587712,148.6040209952877
129.48300312772986,105.179966942154,138.91672716964231,110.84307053241832,112.29095462293503,88.33248877334111,145.48371020708282,114.57546523383138,153.0355557023878,118.74954127479869
141.34512699135294,109.95598990089265,141.07078999965563,107.6533340661989,150.4980418277277,113.90194016431764,161.21657720514955,121.37166886459052,197.3135721206529,145.05048880660132
100.97152101538886,76.51932431319814,112.5120273128426,84.2098317782748,111.10207975272789,82.53573950088341,128.47322457505817,95.92080479829089,151.45416273265735,112.68198948878549
108.233663075302,82.89803160623818,125.27091838205284,93.10971763731361,121.2992400069504,86.96387041466102,137.4406253013526,99.75948505222311,153.52981383885088,108.08660626381213
143.27130492702963,109.9110810393612,164.49310896506472,126.47993821759208,137.4255738005591,107.74704614361364,172.75810731071718,134.52493570480635,181.0891546684226,142.84407912280224
152.2741960419999,110.98377440093532,174.54180905401387,124.06494555896164,157.9643909599837,107.10262733359937,196.22355103971472,135.1700924925463,228.97779666615583,150.7039527374461
109.41396597582295,82.00874927212816,140.9019961748718,105.49578330869943,120.93462653556871,90.41136494055237,156.25516152810863,116.82174146270707,175.48236612598856,130.95943374922678
129.47706210536802,104.17901323523138,122.91554037875945,96.2620486339731,128.16108553458028,102.13988958849255,142.42345452256245,110.69601270664845,177.72746316501642,136.26983826486847
116.16189866523028,88.04699563251529,132.04074887531127,100.6259842578933,143.71564192436117,102.82188341589257,152.69501958858888,113.54658166066513,185.79500874884673,132.9958078650633
127.58679721390689,99.04383803666266,140.00347767414024,106.7418837753313,130.17470503214747,98.59932663068105,155.53342294222003,117.4643560331181,175.62569119268923,131.04046494792362
104.13946504793388,81.3328106325329,121.60552257689567,91.65556154178678,103.43306896518524,80.25158728131267,134.05759001846423,101.970077904401,152.92973984166653,117.96936145927532
148.65063128994754,125.93475787203457,149.1128539433903,121.63932766218332,144.4146159847597,119.10711988618249,158.08685981390065,126.15387169271132,170.6370244292654,132.1477011355824
144.41751861020933,119.77912837345718,151.02511957315627,125.61467894354656,145.51410099383628,120.1852246784886,164.13794527982566,137.5611005894238,188.7821046803665,160.5126985383715
128.3548899831109,105.49244840308454,146.45602372708427,115.86313888059634,128.35914258555184,102.29269730747154,155.21628074465025,120.71961155304935,165.41191313038087,126.16924035851764
126.39656366352494,98.06269138369302,130.43784338232325,97.54925794908542,144.18056105627687,112.60811180311588,143.74322795751945,106.95144026501343,165.51244575059164,122.12939486452399
147.3957016600517,117.04881859517619,175.35579559113472,138.60367768054434,159.9300152965932,123.86341199194221,180.70619432718703,140.46250045758165,190.08201001021772,143.5752548011775
109.66688809038277,79.0861150044592,130.03607453145773,93.65530611174557,122.95531527422686,85.80269298824827,136.12352488176265,96.19775500755655,143.51739116746828,99.16021703905868
126.77806148649124,91.03060773169302,150.17003097925235,104.20507537128654,128.52125226134345,85.12065233905759,157.8329467520334,104.06726830677911,165.40503591626225,103.94394702693292
150.73138361304603,114.0132599688572,162.5850612627806,123.09138596863387,149.10864086485643,110.56308386909514,171.61836877573697,129.58825744596905,183.00477608311846,137.72892275151574
98.10563341503041,77.4760806987836,114.40060562405247,85.81109236044487,114.16111886856963,97.06158051903593,133.39245697071658,104.55264447691165,167.3466430112695,142.62325107594972
114.41332898827866,94.884400236176,126.67494127763933,103.6832996531034,113.69504665104148,90.2035301208867,135.74908644905227,109.65510826292552,144.99765500072255,115.58284605587295
137.1049778968595,111.80948927328303,164.04888143256247,127.2912191139219,137.84229129336765,110.65958156014969,176.78508316248502,136.93559698197788,195.65775383845894,151.16536106526956
151.96083063133383,122.10306216101465,165.3265144615751,123.93375645464427,157.7912467758952,117.91117391981646,193.7545314660552,138.59069575965262,232.815727957008,156.66938708806634
145.38999703822972,101.32975100717177,161.20262120810847,116.8281582101282,143.40214555487177,101.87283471282,175.07140119966562,128.99279405941252,191.81573976789412,144.23076283931462
124.33571811680949,104.55497986395548,145.98822896806786,120.27640947699413,126.10500811132913,102.43428699151018,155.00653164128295,126.64595206957995,166.24947201295547,134.44011217818243
125.8324709809246,89.77647249913994,126.01736016809055,91.12403949447689,130.43035558303802,91.21695717033897,144.3407760844307,103.15437777469255,173.50916836142088,121.73571113132901
148.02845400939484,106.61862201283748,181.08516858974437,134.21377685221432,138.0889821815505,95.74376789341656,199.73961326280534,145.3544005589848,230.19586281586447,162.6995579809498
115.60919243077052,85.325164190757,151.21128582370864,111.91641004158555,129.02913282330218,90.02675321363577,162.04525082912753,116.4817176007573,175.89148746513513,121.94724359500525
146.2012517731496,109.61302430726984,162.09482771201093,121.84251995417837,154.94432871277766,111.08440094660173,177.28425822420465,130.17054188238592,204.15631804715917,143.9952845679113
135.511778277226,98.17664577258587,158.32353734494822,116.8793045211273,170.22909787252104,117.54494599620821,174.6250462428363,127.43760870759964,197.43481962904374,141.81181484384496
113.56186676832635,84.094608536429,115.20063252317897,82.46130028340254,117.13046252439706,85.81763029840978,136.54330369294905,98.29415371194753,162.17287926458928,117.54672942853556
136.46852209032076,108.50516574503204,157.09689577592977,125.19390419916581,151.8810359189988,119.44053852369049,169.07336777422884,133.5158519505072,183.467522322571,143.32010676295255
120.14278026723763,91.45135082331164,129.0677170191298,98.05895645674293,131.06834413487255,98.28605935274841,141.1979876165994,106.23777037420747,154.02757424668826,114.71775418979347
143.03408785104537,120.74173627698467,144.99919198346123,117.47484147608758,132.32399171857242,109.34416396710719,156.3681157894164,126.97126866734979,172.19569836920755,140.2635227263396
133.61646693011653,108.56119857988728,131.08086222994893,103.60833483969039,123.26552850496657,97.61828864205393,137.38672154889773,107.88137834127045,144.5062407888621,112.63900663794362
134.97837395085438,103.68296096083894,163.09852609260759,122.52455424858728,145.47589098410313,112.7715338936968,179.92678149175657,135.65054671230848,204.58816965136202,155.057110784818
145.68526213253998,107.1246887437959,159.18306885796915,116.59535010321436,136.3108782699892,95.1587812690162,175.14011397189387,124.43018638483204,193.77127298865747,133.00261242352107
146.01552995373964,111.2932356047918,157.36916098001035,117.51017131328679,156.51513176916683,118.30427647562313,168.78667097234694,125.69053818333603,184.0447623465718,136.55287181249525
91.53578148343504,75.96091446514808,89.24695136119838,71.623847399851,110.41028263340966,92.20952435266076,107.07830263603745,86.62143124861132,142.68049254042694,117.29500873263483
147.21477505538786,103.99234435146677,149.91340026494296,106.45097363727608,154.48718080282612,104.6145265543588,170.4622001581471,118.43240153913233,200.67693778230202,135.1401834909328
109.89689407568883,85.93341159424324,129.164119467183,99.20565370296276,125.13749643112655,96.66998247347527,141.0603306561238,107.9210421352079,157.7148629269471,120.00913134871985
138.3267980048904,106.1428022157345,146.7537566137648,109.11298978377064,138.06558671860913,102.72650437764358,159.19859609891927,117.56640061259202,175.8722397083554,128.71493027090503
139.887834614968,109.91640117186721,146.7645957296566,113.51483617629582,143.60773811001883,112.46226414487901,159.95079268600745,123.35823462475227,177.05708801473662,136.04398546866034
136.31406634768592,118.95733618945293,153.53288286385452,126.86509222221152,133.46057235685856,114.75087070259902,166.4772697953761,137.54319261174928,183.2449025953654,151.37103465660218
146.9560726793966,126.90901242600069,163.59062956962634,136.97765693807554,152.25380581883482,133.56111261395134,177.19611178937546,149.83536078609515,198.1692520986946,170.1610626416703
117.53133923082262,90.00313336280324,123.17304307717454,92.83623462067219,137.08013784902366,101.26209556354354,143.3820217915118,106.16727734896482,179.19206860053424,128.67290437034939
122.98989021785889,102.10624060907497,153.08083746161765,123.21407663052645,125.89431123446192,101.79808308242276,166.3079946904091,132.20710706960037,184.24878513083962,144.05571957743172
125.94916248781138,98.43066114663579,136.96144739456577,105.18276100007249,133.0062486265219,101.3549364579587,144.39409543544048,108.24902728343626,153.03353434219662,111.63448482611805
100.08861239829326,75.8217756169685,124.69506934215852,94.59846215551677,126.23213550218374,92.97660711443368,142.52865653966,108.01596076397786,167.6685688510627,126.88350220727624
151.3090669037539,119.03057415363511,177.34766156617184,138.68020607236954,181.62930602246533,141.26049241503702,193.17683439526846,149.72058932388188,215.12844678240637,164.7115534088631
175.2788386030225,144.0804193681258,181.3710219239208,141.64426537753025,202.71610556629662,167.4828714846612,202.32391252245804,156.68122057298405,242.2800465294232,184.66719470920194
126.723764073309,92.5735188119017,134.04281468631578,99.29764536274604,131.6393271586823,93.49835363045648,146.05732264175757,106.97480080569439,157.31487886950532,114.01241410009342
171.7744222141612,129.7429484933311,178.60100339123932,127.7483952165961,159.9252788527403,118.25857768570579,197.59833106794048,139.72041780780134,226.78207757768658,157.58768099229846
132.57510958331676,98.44590822216466,138.3484889683052,103.43474118364088,163.03220428226655,112.90721990586793,156.15376382128332,113.91072460740921,185.30712239221492,130.0066587989987
149.42559055766225,111.9686508915847,159.98427455237152,117.09969053901861,140.36564040158217,103.24034072316509,172.85549498184568,124.64081669595612,187.13490514014669,132.74902374305177
135.94538479245278,107.01383395431947,133.63930161431298,99.78690767667196,128.91266433305708,99.41379813322091,143.84419508965036,106.43115429272751,156.88896088654303,114.75064903379044
123.57448171620209,89.61706831451448,129.70282483272678,97.32663756371657,133.60876595158697,92.96597967713653,144.91986607022412,107.82954343144024,165.74275662827787,121.91828762528968
128.9286116497805,103.2636018317946,158.94875735020662,128.64552409387937,152.23288144780693,117.44312114812264,175.4601054708767,141.36317379783614,200.70299395106136,160.58411052168086
125.58994649059794,96.9687012512716,127.53679882236614,95.47659346588823,135.01308230989565,99.92992446268111,140.6696895641056,103.39498006154861,157.62255689541453,113.20093210120315
116.03721791080143,93.12558838227186,130.9399150234977,105.46705677287407,130.34756023586047,101.36066476060515,147.19853211232925,117.1184847680036,168.08347967346683,131.67519021280697
128.09325977823286,108.59389101191445,134.96119277726683,105.6954562845795,123.22201762050467,100.38030112650142,148.77526673737347,116.00059939941504,167.81484354483524,130.0559609511388
119.73502089641042,102.53214938223545,132.4015285761162,109.24524709890095,120.45676801238085,105.95499783073618,142.62880982178396,119.07601984691071,158.3283323180592,134.62781426680357
140.19570191420718,112.24601065732713,161.68555016144822,125.49921742941443,139.5888132557946,109.12238584879766,173.78887968027465,133.81285062404288,189.8299030053862,144.62809408902083
170.7702657531413,107.95826360870721,169.518454772739,115.23607684883815,190.8852082652627,116.36444138425536,202.79684057789947,137.60867747546968,269.64860281522283,182.30830129281034
