,point,lo,hi,median
B1_p50 2023+,128.74110243003813,100.04055622034572,164.92739790676492,127.51811123125556
B1_p50 2024+,102.17429543421125,76.50536406699689,129.6742675754323,100.39055477220316
M_p50 2023+,140.70087868481346,106.79392490207425,185.3057057564986,143.08143736753595
M_p50 2024+,108.24451506669755,79.4100516535193,140.10751562928246,110.70242532112425
B1_p80 2023+,133.40657976119752,110.35903891157562,188.5579977302392,134.58835355189845
B1_p80 2024+,102.48351083102825,83.50374588672788,130.23065617123433,102.77419389676807
M_p80_cond 2023+,155.93652989522872,122.25691014566016,202.8771071530061,158.04089590019635
M_p80_cond 2024+,118.56172910534349,92.45083052462935,152.10114941630988,121.29701021369056
M_p80_marg 2023+,175.3113542935991,139.14750972552224,244.302591221978,177.879498849541
M_p80_marg 2024+,131.33820682423624,100.59544222426007,183.9431646541869,135.62409298034368
