prior,strength,nll_w,dNLL_w,lo,hi
ridge,1e-05,0.38587338041549324,0.0,0.0,0.0
ridge,0.01,0.3858729791574647,-4.01258028442471e-07,-1.2683624230218036e-06,4.2229391470337834e-07
ridge,0.1,0.3858693580678986,-4.022347594580355e-06,-1.2646151870894879e-05,4.135555408094481e-06
ridge,1.0,0.3858337978025539,-3.958261293930351e-05,-0.00012532900990347624,4.1656997532198725e-05
ridge,10.0,0.3855399067674474,-0.0003334736480457845,-0.0011592584234130648,0.0004444626459349218
ridge,100.0,0.38594091784438295,6.7537428889719e-05,-0.006131121737180169,0.005949543891660327
ridge,1000.0,0.4211235638374039,0.03525018342191071,0.011940586394007144,0.057260143159837115
hier,1.0,0.38586248732812717,-1.089308736605998e-05,-1.8156460302573313e-05,-4.119706455525152e-06
hier,10.0,0.3857688860844617,-0.00010449433103152383,-0.00017456027793079793,-3.925721885340349e-05
hier,30.0,0.3855857942238988,-0.00028758619159438954,-0.0004820482358331669,-0.00010432821715565162
hier,100.0,0.38512501307130853,-0.0007483673441846854,-0.001278840104985581,-0.0002504302883153956
hier,300.0,0.3844893885301183,-0.0013839918853748637,-0.00245757558688319,-0.0003609459782395472
hier,1000.0,0.3839764429872501,-0.0018969374282430944,-0.0036403465281573465,-0.00022774178253864388
hier,3000.0,0.38386037860612804,-0.002013001809365146,-0.00413300602329484,8.850437770180514e-05
hier,10000.0,0.3838706367259196,-0.0020027436895736317,-0.004347144645339542,0.0003118485381352885
