boot,est,2023+,2024+
0,METR,116.57141971576112,93.91369399892055
0,hier,118.64741739374467,96.77151426214489
1,METR,118.39511187483022,89.05963517739067
1,hier,119.31326284009073,95.11955390749476
2,METR,142.93536624109214,111.12919296525685
2,hier,144.39798763664473,114.20307173403155
3,METR,120.31479928110913,92.38070857344836
3,hier,124.07545606552813,96.99908511194788
4,METR,81.30661149527413,61.90870586419589
4,hier,90.77249977954489,71.3154878023078
5,METR,129.20738452748378,108.20268271104682
5,hier,132.13081331778977,111.68789878552316
6,METR,150.9879424048699,108.30185825082737
6,hier,142.2585020464186,109.52267008887003
7,METR,120.3011241872289,99.40301652510017
7,hier,121.47246597111734,101.99234437230648
8,METR,113.86613862300696,89.6518736825789
8,hier,113.98427660468086,91.19833583602123
9,METR,125.0234260167575,98.77789082113034
9,hier,125.74052324621285,100.96146796384214
10,METR,131.5490960775395,99.76631373429856
10,hier,132.73338887272962,102.95711303353775
11,METR,132.39675882776606,103.493091850422
11,hier,134.2580288308857,106.06133050880997
12,METR,122.60910324772334,94.33877133304266
12,hier,125.5999008143351,97.88402748296535
13,METR,112.75930680273352,87.42467499947108
13,hier,113.58145447392305,90.27567519870344
14,METR,134.34608567009676,101.4156456175037
14,hier,133.96900565436937,103.1098257443783
15,METR,128.25510689450888,106.09036741007387
15,hier,129.33462549753986,108.91001946112574
16,METR,131.52814352053971,107.11204425658451
16,hier,131.60767079296764,111.7244494093554
17,METR,150.06169166350963,120.94115403121366
17,hier,153.59814787673932,125.36722611643933
18,METR,114.97701409960679,91.53328894411787
18,hier,116.95544992234319,96.13367290672949
19,METR,117.19175944340485,94.63548218271882
19,hier,120.6254098106351,98.96646790132085
20,METR,126.73276647982482,103.2075089864649
20,hier,136.58142568035956,112.89133903260542
21,METR,122.39128916239287,96.2751776877931
21,hier,123.24389124677731,98.21783072919544
22,METR,129.0813934619948,97.46936355922251
22,hier,128.67287878586225,99.66294152060951
23,METR,139.96876116882783,106.85605685846438
23,hier,140.22327759122356,109.97417051291133
24,METR,123.43734635805684,96.02064589510634
24,hier,131.23831770396228,103.89964946581242
25,METR,155.5826433693047,125.28240366234172
25,hier,160.36037056058325,131.5610406911726
26,METR,151.70871669736584,120.15426436843251
26,hier,155.8632024326873,125.00494684268781
27,METR,128.46771001748218,105.995206781005
27,hier,128.3792487623768,107.80439236387924
28,METR,172.08739709397787,136.67313993798624
28,hier,174.23806161059096,141.04752987281364
29,METR,127.35028646084743,99.45057768813464
29,hier,131.04901311170906,105.932328390961
30,METR,128.13516958305138,101.5050487497333
30,hier,127.85858349049214,102.57707188396984
31,METR,122.64207256253516,96.2484281319177
31,hier,125.23435383826744,99.64266771086596
32,METR,116.50102587947856,90.16761120686697
32,hier,122.10582083798302,97.54375353441577
33,METR,117.38697592230604,92.00431761219303
33,hier,118.60305350030075,94.05427895648295
34,METR,133.7925871161371,108.81520474232634
34,hier,138.65509177956935,115.65413012076465
35,METR,116.1994211703984,88.82480782133555
35,hier,117.20752977659413,93.29778986233507
36,METR,131.14386146324756,104.32448955608258
36,hier,136.0613427939971,111.11182509817712
37,METR,108.69525645001293,86.11054988960761
37,hier,121.84823971249084,99.33892262258155
38,METR,106.66786845085063,83.8894404602746
38,hier,109.97680390473144,87.7553494013695
39,METR,134.2112214219946,107.66500225598668
39,hier,134.24504410940136,108.71882096313385
40,METR,123.52079412108726,102.96201802104447
40,hier,124.58025690774696,103.95135837912743
41,METR,122.71944234072016,98.44490912483828
41,hier,121.7347361767344,102.22862283332928
42,METR,107.58157828870411,85.8809545126523
42,hier,111.46362301803741,91.0302498036941
43,METR,141.4148125167493,109.13934631669679
43,hier,140.99539341080254,112.46884893040627
44,METR,107.19392206759895,83.33042191545171
44,hier,112.43660016190042,91.80007141804903
45,METR,119.02437253370135,93.5333169789408
45,hier,117.79649979608133,94.25912095026627
46,METR,154.15234272031142,123.28082826954248
46,hier,156.93443355278296,128.15867823546756
47,METR,146.68885769336148,119.3451779427588
47,hier,150.44767129173175,124.40146757810625
48,METR,132.81497294094308,108.3078815819376
48,hier,132.89797491489117,109.59942640720372
49,METR,130.72748852537924,107.02788709710559
49,hier,134.8810835392307,112.56239470782529
50,METR,114.21628604594471,84.50218577988637
50,hier,120.08603932208882,93.26945908409941
51,METR,128.27800019762176,102.467011947853
51,hier,130.90334029891125,106.02519474245445
52,METR,135.77460447084857,108.64960938594476
52,hier,134.85716119248121,108.13093938764823
53,METR,129.79530522535063,97.09213202331546
53,hier,135.32758206839875,104.73248044138475
54,METR,104.07741019723618,79.94048080727173
54,hier,108.93043010017789,85.62372971179451
55,METR,126.56282943805626,99.33866732296536
55,hier,139.28537884196584,111.7435091385983
56,METR,131.42036115005496,107.09343792814828
56,hier,130.13786153532544,106.82866191791389
57,METR,119.28390958689316,94.1006663675939
57,hier,121.87274458143776,98.42899481213132
58,METR,151.45012099070834,118.55742471595669
58,hier,155.09993738534533,124.82276149630273
59,METR,157.04354960449984,125.72234846221284
59,hier,162.83647591039488,132.22336219251866
60,METR,134.22568919221357,105.49634879726926
60,hier,136.11153483449866,108.26664305349097
61,METR,121.9900270128118,99.35740773255927
61,hier,122.58518639776763,102.53052403338762
62,METR,131.44105254313573,105.65797363393374
62,hier,133.28759071190947,109.03109686686462
63,METR,138.3632055778603,108.25251946103164
63,hier,144.96557054315818,116.78982137493065
64,METR,115.67507193723215,91.52874981343831
64,hier,118.54958844486767,96.35924557196483
65,METR,139.00163393476092,115.72629673526734
65,hier,141.69548647529592,118.93194010685423
66,METR,137.09736219384897,114.30657147344276
66,hier,138.4469281017965,116.51156180217835
67,METR,103.13874865260638,83.18308164702692
67,hier,106.42770178616088,87.53421949476291
68,METR,143.56834517454575,109.87055677484042
68,hier,145.19711168022974,112.77743249005557
69,METR,133.71807064636175,104.91209808475105
69,hier,134.35100836228025,109.32911133397124
70,METR,169.68042546755882,135.1441631907604
70,hier,172.47531548939725,138.26713429578618
71,METR,91.27598941432575,69.24992950513284
71,hier,93.07777393531688,76.02798711275793
72,METR,120.46621694691716,92.17166329023186
72,hier,126.32787511261895,98.98675875207789
73,METR,127.29097390542543,100.70427114781057
73,hier,128.65211711481479,103.20756712471444
74,METR,146.36305222996367,120.48325255986903
74,hier,146.5146804034375,124.070575370856
75,METR,117.96242922598185,98.10026005789764
75,hier,119.91297284967769,103.07732134073058
76,METR,129.91072908806208,102.17404387462133
76,hier,127.55597443589322,104.56493441040571
77,METR,121.29126519859261,100.03099652276364
77,hier,127.32510750022526,105.11434603359758
78,METR,137.6695679046309,113.72287109466475
78,hier,138.85617462008335,115.67772104771161
79,METR,145.21121195024307,110.51461903547883
79,hier,148.62729364491312,116.1877406158031
80,METR,121.70444830143406,99.40198947199384
80,hier,122.32858195910106,102.23653187751493
81,METR,133.32584526280158,101.9585565286325
81,hier,138.21137154053127,106.57094540510425
82,METR,131.93236814462608,106.2906110502
82,hier,130.51682030643315,107.71420707359101
83,METR,122.90501532042686,102.35061685754556
83,hier,125.33158567575339,105.63264154430682
84,METR,127.58604089289672,97.789731059303
84,hier,128.10730013939465,99.47642997340594
85,METR,136.40816199417867,110.15690076181325
85,hier,139.36280301387296,113.20073690971778
86,METR,124.95106382129873,100.56948425091308
86,hier,122.78539734391416,101.04226571553497
87,METR,142.8145387019181,114.28161904620066
87,hier,141.96130821235818,114.67032448428868
88,METR,126.62162737453156,101.28858820415816
88,hier,128.49927923492902,104.01302111485056
89,METR,110.57501431967383,84.67220799915856
89,hier,113.38499226726854,88.65170153556413
90,METR,132.71454833169705,110.718065224996
90,hier,140.20471351648953,117.00815429123239
91,METR,122.07770091703546,96.78359396978352
91,hier,128.32037817113348,103.42711980528684
92,METR,117.41815785350235,92.36452501915036
92,hier,120.98142849874753,95.24899088566185
93,METR,132.19867060011632,101.00502213955232
93,hier,135.97885248875377,106.84911983218937
94,METR,108.07976391327928,85.47936627695054
94,hier,111.6258466969353,90.7265076907049
95,METR,122.29131446825525,94.27130134108401
95,hier,124.41441461233468,97.86256103693691
96,METR,126.95254020147556,107.30505271624303
96,hier,123.27899190689551,104.98176802999348
97,METR,115.82087673256129,90.60624780575446
97,hier,118.68446302408114,95.39672077565275
98,METR,149.33384868044214,120.88798868526675
98,hier,154.69480791749885,126.82268208752241
99,METR,128.7088335866816,105.98776261782133
99,hier,130.4760734700589,109.0207923418225
100,METR,118.6092239567128,91.41177363053778
100,hier,121.30894454566894,95.39204156661567
101,METR,131.90561344103972,102.53283201424055
101,hier,135.10362120685525,109.58755165338823
102,METR,123.40728422824449,100.15713889563547
102,hier,128.21213034765879,106.89608709625017
103,METR,118.80128726116479,93.59467337840134
103,hier,119.4984942618569,97.2925610938994
104,METR,136.8605920982704,107.73238209215118
104,hier,136.1651340647515,109.37373574795951
105,METR,138.26316654731227,102.56022309053975
105,hier,144.69026500184472,110.0607602679032
106,METR,132.07672450864553,107.79581871496863
106,hier,134.6395099353172,109.99385537941377
107,METR,116.66901838812122,94.72678750685078
107,hier,123.01190910736975,100.42112287473913
108,METR,115.11151880943326,88.69186329805883
108,hier,122.42152306437997,96.58643008800219
109,METR,132.82425667052937,108.91779118056382
109,hier,132.79603489071005,112.47844186908851
110,METR,93.66844988852785,71.50586758288402
110,hier,99.15575030335543,78.20152755618658
111,METR,138.642551681694,107.4818006385078
111,hier,142.94997588463636,112.17870772087436
112,METR,122.81228139405236,98.04227879160591
112,hier,122.28577505019983,98.93463171726852
113,METR,135.537018238923,105.77869423998123
113,hier,139.263364326041,112.6073166402109
114,METR,127.09027842887873,101.04052756182408
114,hier,127.65531863964966,104.31588956258281
115,METR,137.155610037079,105.64872670197902
115,hier,138.90478807558478,108.71525451078766
116,METR,94.44900258663375,76.18326911712599
116,hier,102.02711150227066,84.44155653443671
117,METR,120.3966284093313,87.73058882529794
117,hier,122.32896920801639,92.56992221575489
118,METR,124.44952262162448,98.84505167810705
118,hier,129.3508226066423,104.22474151441111
119,METR,138.41885493773384,120.20597488152927
119,hier,144.86192938161895,126.72997479987664
120,METR,126.57019126972077,102.55262141716551
120,hier,126.80646143169075,104.86053514375513
121,METR,124.4474127551009,100.26472048181527
121,hier,127.27535646916624,103.91145675622354
122,METR,145.25418334503084,112.10956823256844
122,hier,146.57695912770646,116.87804459951893
123,METR,118.74126171496881,91.86438141561614
123,hier,122.77482929126204,96.28969483790236
124,METR,103.05868615047378,77.87166738186296
124,hier,107.47288605585901,83.3138972701629
125,METR,122.63600306958676,97.69061627676399
125,hier,128.26774051584965,103.419448343297
126,METR,128.7098425626078,99.11307300473668
126,hier,128.82437549886382,100.71211935466455
127,METR,114.19577611273687,92.11743797460171
127,hier,115.9418500927962,94.74621547522621
128,METR,151.67341440220062,124.52184715379174
128,hier,152.36298267655417,128.66965771773667
129,METR,111.91236690272085,89.33290729086433
129,hier,116.33793514586836,96.31714801738748
130,METR,88.6235373655215,69.63806661670365
130,hier,100.1840337329722,83.9717556704092
131,METR,142.823637623997,112.08529605964273
131,hier,144.0447026532731,117.5269377751614
132,METR,126.75305137104347,102.29433428114102
132,hier,126.16724929397323,102.75279909186166
133,METR,116.59243033803233,98.05933599788092
133,hier,120.00519777326872,103.57961931919634
134,METR,135.9066900439615,106.07191436892771
134,hier,138.61033025236713,109.73964617632502
135,METR,133.9135906493483,106.34898639166309
135,hier,138.0002243172743,112.9364176055382
136,METR,130.62841249202526,97.38880579424686
136,hier,126.87420770135726,100.20616648484685
137,METR,117.7604017706171,89.91172545863759
137,hier,120.98242376356383,94.2420323168162
138,METR,137.66869647937952,107.47545297373364
138,hier,139.33944116778721,110.3605364230999
139,METR,115.50481608011,99.57498961725447
139,hier,116.39554255414645,101.96207998829631
140,METR,133.2800779264063,108.08224428862486
140,hier,132.7568140357398,108.08887515277277
141,METR,125.51715688518593,96.13447494522738
141,hier,124.52397248559906,97.47617783244199
142,METR,115.0585575830166,88.3263874286083
142,hier,116.80800891064479,91.39102133335635
143,METR,122.24311838234374,94.08094778483827
143,hier,129.95973047610997,102.58828980527623
144,METR,114.16581184428453,89.67384996147632
144,hier,119.50050478755533,97.05027809495468
145,METR,112.46704079228716,87.36375079336356
145,hier,114.66781104139325,93.53516903841104
146,METR,118.27900392916173,91.04321060375325
146,hier,120.13187185317939,92.63587625148598
147,METR,134.36721431137167,103.45895227053381
147,hier,131.18524013125568,103.79535563657585
148,METR,124.82180657066108,96.98837370775776
148,hier,133.65593865688194,106.83448185571656
149,METR,127.7853657130768,101.52249463788228
149,hier,131.81473543493152,105.08551472093274
150,METR,143.5302027602444,111.93221255844621
150,hier,145.3443357267999,116.85241517477715
151,METR,126.80029405558327,100.87657173077363
151,hier,125.46614130597045,101.42697113325528
152,METR,94.23935539607889,71.38748833049215
152,hier,101.04018562383696,79.18704426997277
153,METR,128.51222000379005,96.15631964833378
153,hier,127.3977964825428,96.09534859659188
154,METR,120.2136902627302,94.20498677024966
154,hier,122.21151732885134,96.11241556990687
155,METR,137.18937040911314,108.20528995284018
155,hier,138.10764487981234,111.02464441003085
156,METR,125.40163599203899,98.58348098710356
156,hier,128.94331424055298,102.30929582476405
157,METR,127.4096990812705,100.50865750265513
157,hier,128.25578697754648,104.22360140595372
158,METR,116.61535902406668,93.88117201952522
158,hier,123.1667881598128,102.78411213323983
159,METR,110.24451369452278,85.05438453065665
159,hier,121.85443156739905,96.80087099149634
160,METR,117.8813312029133,95.00456972803381
160,hier,118.89916857253388,98.59219138060463
161,METR,121.69168914685284,92.32719346813737
161,hier,123.28457125885527,96.9146066719788
162,METR,138.96395484309807,106.07080095221436
162,hier,143.60809004976554,112.67912260364318
163,METR,132.8091298891849,104.16467398065815
163,hier,131.48500862298377,106.45341580172926
164,METR,117.51774715155777,95.56268889407295
164,hier,118.22361370437943,96.61980599588844
165,METR,120.28786818700736,99.02724278661638
165,hier,122.10672378784254,100.79567106560951
166,METR,133.02285258541426,107.10679728907367
166,hier,132.26803268309445,109.58911208399323
167,METR,139.8533656407675,105.40589074172097
167,hier,136.99542509387683,107.17739749816165
168,METR,145.58561510152626,110.59882867224675
168,hier,145.95801080400022,112.11655954613941
169,METR,138.03459823943365,112.10676016648824
169,hier,140.5535256675226,118.24028847075401
170,METR,156.8303263405842,122.0118570555606
170,hier,156.15119361171082,122.14550970384249
171,METR,119.45800570263062,95.01788814269842
171,hier,120.9865291875127,98.32802829231082
172,METR,162.54020639904817,125.88176842620553
172,hier,162.61964897478614,129.3766790692572
173,METR,118.10077674992992,99.12090085592034
173,hier,118.56122407113652,102.09031815737852
174,METR,126.33465750825955,102.77915773037563
174,hier,125.55039669193079,102.98440466276921
175,METR,150.93841237731354,112.40776496694617
175,hier,148.33658457093597,114.71377245861048
176,METR,141.50069787688287,109.90588293432491
176,hier,143.86929215836227,114.19231345942052
177,METR,107.11721035305096,84.96148041368329
177,hier,106.45533818918733,88.02021627106387
178,METR,129.56298785097675,105.76061571127516
178,hier,131.17253305152468,108.61358894552343
179,METR,105.49613400435416,86.35056479175728
179,hier,107.8599195160845,90.70668503450888
180,METR,145.16853643289164,115.63496185440414
180,hier,144.55378211272495,116.92871823788033
181,METR,121.94083492612671,95.95087014219804
181,hier,124.52123196246504,99.56554709884608
182,METR,134.82698011188535,107.9873652631502
182,hier,134.08578327335303,108.94445274762573
183,METR,108.8240392764922,89.1085347901083
183,hier,113.3743508491175,94.38829674042321
184,METR,129.28237062599035,99.25930274136941
184,hier,126.8785996541237,100.0386980045148
185,METR,124.2943568906125,97.26128216453868
185,hier,124.20409506835165,99.70164465259577
186,METR,120.79542034536779,94.60949382457277
186,hier,118.10167025198041,94.46366191526933
187,METR,127.32936575533303,99.67495140743856
187,hier,124.02648351037648,100.60159232004257
188,METR,150.44439167255027,115.91484711232637
188,hier,151.908054091494,122.63992491561869
189,METR,143.2794272312267,107.99940229125819
189,hier,143.72301397187175,114.18535647109492
190,METR,138.48474583141103,102.62899472293424
190,hier,139.48097077741042,104.32859918803729
191,METR,113.17248230452701,85.82254346475719
191,hier,114.562305162555,89.96005351983254
192,METR,121.69207397074908,104.04110803009858
192,hier,121.96626104921616,103.74687031221625
193,METR,146.8592957974772,120.25453257873887
193,hier,153.0918137763272,122.96910649323034
194,METR,132.4055136004247,99.991615127928
194,hier,143.14135816976787,111.03236364608132
195,METR,121.31385530730806,99.07321545339626
195,hier,124.22227582628206,103.09178830901088
196,METR,110.72329264741852,84.10167094106879
196,hier,109.90769192386075,85.36172087094117
197,METR,145.54843030281262,114.81662040254237
197,hier,153.91526205904515,124.31796509688046
198,METR,134.45670671427163,102.6867437480786
198,hier,134.58005850739877,106.81153905616125
199,METR,151.09527937651225,124.29010987109622
199,hier,154.08312376159466,128.58613712972524
200,METR,120.4151338882837,97.43597057649664
200,hier,122.46362906139821,99.94152321086712
201,METR,124.48437417706118,94.90812046309186
201,hier,127.51566765202803,100.83693747178435
202,METR,124.84845054618799,91.69249779326438
202,hier,126.16363431634596,97.8059031094586
203,METR,112.86813248594386,90.88253630685443
203,hier,120.46138487416412,99.51676176300728
204,METR,124.7001604630093,96.76879356953276
204,hier,125.20614151240866,100.98333151823628
205,METR,115.09138893171182,94.04650630973018
205,hier,118.17923625477741,97.0132276776812
206,METR,153.02148975906078,120.87271994722394
206,hier,151.8196052469849,122.98584556490806
207,METR,119.93083608199746,99.13699221643576
207,hier,123.85256881768153,104.2486506222831
208,METR,132.17565910802102,104.46161398909815
208,hier,132.8511054379948,106.46315954905725
209,METR,112.93633914335824,86.46391052122438
209,hier,115.85610589748904,91.77952738268694
210,METR,121.79426320070142,98.26018805484348
210,hier,122.37959282709376,98.29849414521908
211,METR,109.40152319493308,90.92204098095459
211,hier,113.22099410087198,95.60272857746695
212,METR,126.93201814082214,106.60808124907298
212,hier,128.9624950443311,108.956677526725
213,METR,147.63377570721303,117.60372297522258
213,hier,146.60231147648068,119.34371016478335
214,METR,122.0182203965242,96.12002238930384
214,hier,126.04531248309468,101.12141213915925
215,METR,128.4848557789789,101.45097446794995
215,hier,129.69744846217208,103.87727766936473
216,METR,133.20114348952012,107.68486838487648
216,hier,132.10077445039298,109.31671354058524
217,METR,123.74820959543389,92.9328851788448
217,hier,125.23051001706438,96.630304287094
218,METR,141.61931762804292,106.13393065181218
218,hier,143.72457013342748,113.71509349532454
219,METR,122.44880792180373,94.74486680980554
219,hier,122.60648522067278,97.10988340707931
220,METR,117.28152387533368,90.04537416517326
220,hier,126.01249682630339,100.95837726195018
221,METR,116.16091551235934,92.48533413871446
221,hier,118.13740019640957,95.52722256358413
222,METR,100.940182125509,79.77047657897039
222,hier,106.95400945378465,87.8409438166504
223,METR,134.2039605090913,104.46652202111476
223,hier,140.13361926922906,111.0169756505332
224,METR,97.96326677025642,74.35341697581703
224,hier,97.66419094059457,76.40608511266504
225,METR,139.75463575160427,107.89532988304238
225,hier,142.300940608342,111.06566495798091
226,METR,147.7951722245999,111.44037529685822
226,hier,150.4692353367441,116.23086906005429
227,METR,146.72420094239752,119.47007643644626
227,hier,150.50027476141713,122.90877448797585
228,METR,121.39274289297339,102.90025392430975
228,hier,121.38402620128255,104.01126093975947
229,METR,123.18235790210808,97.84216904569352
229,hier,124.87802789010519,100.78944349416703
230,METR,118.4680272342645,92.74299462831445
230,hier,120.86241604556706,97.157484173336
231,METR,139.7699691895927,112.21377690649128
231,hier,140.74815283051475,114.8547734491041
232,METR,124.58794846410865,96.97028420921711
232,hier,126.04932506388324,98.74311810566758
233,METR,137.51783327273694,108.36795338255111
233,hier,141.03971668119183,113.31193041629778
234,METR,137.76145100079987,102.98000366078651
234,hier,137.9221467417933,106.10325219931623
235,METR,148.44969423282745,117.18435189452902
235,hier,150.4865630873685,122.19369095776572
236,METR,129.33200560580022,101.98681720981833
236,hier,132.4198499644913,107.39212137556824
237,METR,93.64422457226374,73.36467335059798
237,hier,102.70287897994201,82.82540799219498
238,METR,114.44145693257201,86.16048397514427
238,hier,119.53527498779816,93.57779813716738
239,METR,104.82602932824598,77.7148703961179
239,hier,108.24880820794118,81.29548086744789
240,METR,136.26774624204296,107.03351918243133
240,hier,138.88173143770743,110.57891032062868
241,METR,132.55881189228566,102.55297881123397
241,hier,134.77357122442587,107.78224293670698
242,METR,134.95150907132208,103.96449058862667
242,hier,135.68432938311028,106.77130579881923
243,METR,153.08265200018462,121.21164486209317
243,hier,155.70833426971487,122.67087377060922
244,METR,126.88005822367953,107.9304240743852
244,hier,128.3535892061194,110.85154272861297
245,METR,112.297967384967,85.60104338834361
245,hier,113.42032377689048,89.02753333500668
246,METR,122.26485273003442,95.33566329031332
246,hier,124.52604872326505,98.66125983454138
247,METR,167.0331338646492,134.8823054680068
247,hier,172.1448756012797,140.92230985541195
248,METR,122.20631259306278,89.73246345938522
248,hier,127.16022775557272,96.14576524205161
249,METR,115.92291991383678,96.28969769828795
249,hier,115.99193005750823,97.55480605580026
250,METR,131.47979100654544,110.49911435311292
250,hier,131.24848283862312,112.16185544662632
251,METR,133.65251745479588,107.64252235124437
251,hier,135.6073970374577,110.62978682659994
252,METR,111.85822920242491,86.1450152155598
252,hier,111.54052633056618,88.86562785062397
253,METR,153.780046293228,132.9779848398073
253,hier,157.74953113293174,137.71458539970072
254,METR,126.15390802395316,98.08617597021347
254,hier,133.22963608441623,104.86907794574029
255,METR,135.35763223291596,106.51824438629387
255,hier,134.1404594013574,108.2455776835766
256,METR,146.53345300425468,111.01285502429062
256,hier,143.87135445774442,111.41132096967308
257,METR,126.71611782490788,105.75500031750995
257,hier,128.88091518746876,109.8413888269607
258,METR,142.83169388032957,107.0779961385884
258,hier,140.9395138586242,107.61247991938295
259,METR,120.10484487155544,94.65348330076478
259,hier,123.58052644255034,98.96081512225182
260,METR,135.0049851183646,105.08620800975515
260,hier,131.0187319944995,104.5144328477783
261,METR,116.40751893187866,93.95576505232604
261,hier,114.18366355909659,94.42684694457144
262,METR,102.45539266932137,79.17403156299008
262,hier,114.0482546107585,91.28944050627963
263,METR,155.75948467593827,117.03859042452292
263,hier,162.0359655673565,126.65040762407438
264,METR,109.42590243328488,86.24881641302993
264,hier,109.81842325952583,90.36186112178602
265,METR,119.68333716122059,89.37145701553268
265,hier,117.59807173167759,90.58039801447507
266,METR,137.78466250873743,118.70946303181509
266,hier,142.01578471744898,122.612514684508
267,METR,122.80351935173219,95.27151288899199
267,hier,129.8831835937907,102.09873191638334
268,METR,131.3490703280971,101.28264117803748
268,hier,134.89405617745064,106.10326329479531
269,METR,118.01763667041035,89.70340593346846
269,hier,118.54933460229634,93.78463239869944
270,METR,146.39258384424977,112.48578363518072
270,hier,146.4214296435394,116.03048694458717
271,METR,149.60168271648269,117.62709553679301
271,hier,150.43146899219911,120.61803480555483
272,METR,129.7509078078281,102.21529369287684
272,hier,129.73139406310906,103.3395739073194
273,METR,129.067604618442,103.98294167030564
273,hier,131.51854725391445,108.2566333745178
274,METR,115.76179448478392,92.68087019802628
274,hier,115.92477362738127,93.4938814433243
275,METR,129.3623477698465,103.83568440587291
275,hier,130.44490304424954,104.66827765060827
276,METR,111.31911015625472,87.52841323438973
276,hier,110.0071990593657,88.60092985985749
277,METR,117.79812714439076,97.3556712852661
277,hier,119.10525594142801,100.62571166543485
278,METR,136.2633000042545,110.26914943608408
278,hier,138.5082732320668,112.6788242686758
279,METR,133.31445244366319,105.67290877376655
279,hier,134.3343076659732,109.60400930069709
280,METR,121.66047655353819,97.28037434833905
280,hier,124.46510818463162,101.29100445809318
281,METR,131.54213241317592,106.79228521083337
281,hier,133.06973239168727,109.04159523056104
282,METR,150.1011148507124,113.5115994163417
282,hier,149.07622146880234,118.04944600494584
283,METR,155.08178650768627,133.93778507709058
283,hier,154.75799146053424,134.0897927071937
284,METR,138.0099095375014,114.75391853965695
284,hier,142.38464603884373,118.82604540615907
285,METR,145.94047968719164,117.88370725734492
285,hier,150.39418612294813,122.3337097453439
286,METR,108.65723604055991,86.6283705391303
286,hier,108.04963493621132,87.66744489498785
287,METR,128.28554964003763,101.92562424569546
287,hier,132.6081232399944,106.88001224722116
288,METR,126.3884107969407,100.27045239155613
288,hier,128.75733893885035,103.12545117236074
289,METR,114.38111839431804,89.36997057639378
289,hier,125.58096540084432,101.01842670086886
290,METR,143.48328126273475,117.34309752945504
290,hier,138.23204498234838,116.1684266953704
291,METR,123.28956680384071,96.1118473492125
291,hier,125.02704095711705,100.89351571590637
292,METR,118.55666740093262,101.10634694367675
292,hier,119.72906339121798,103.48985996710742
293,METR,134.397869133588,103.6112881635449
293,hier,136.99342866867818,108.5514299612209
294,METR,143.52417413015007,109.00782006322487
294,hier,144.6782644033606,112.21599495041306
295,METR,130.97537402460492,108.28401427106272
295,hier,137.02851885039098,114.29158990027676
296,METR,122.67977098392986,94.52942306632468
296,hier,120.65588647858198,96.64897686287811
297,METR,123.6771092248353,94.05578567420486
297,hier,124.53128860608622,95.76985358814365
298,METR,138.5596331625532,114.85608632679963
298,hier,135.93669800740935,116.35800854381078
299,METR,131.3127418568408,102.12773201985333
299,hier,128.16409839128028,101.08882808581592
